Date,Open,High,Low,Close,Volume,Dividends,Stock Splits,MA10,MA20,MA55,MACD,MACD_Signal,MACD_Hist,ATR
2025-01-02 05:00:00+00:00,84.66684030581166,87.32699916268298,84.42771926604317,87.0081787109375,18860000,0.0,0.0,,,,0.0,0.0,0.0,
2025-01-03 05:00:00+00:00,87.62588806926175,89.86759648309904,87.18751470387,89.538818359375,17484600,0.0,0.0,,,,0.20187438790954104,0.04037487758190821,0.16149951032763282,
2025-01-06 05:00:00+00:00,95.21780671008784,101.14587682782812,95.1281420252155,98.89421081542967,42903300,0.0,0.0,,,,1.1040366326189854,0.25310722858932366,0.8509294040296618,
2025-01-07 05:00:00+00:00,103.02891894279809,106.3466415086328,100.78721060306384,101.5344467163086,53570000,0.0,0.0,,,,2.008894398970085,0.604264662665476,1.4046297363046092,
2025-01-08 05:00:00+00:00,102.44108482436305,103.09865622423868,97.93774538755588,99.0436553955078,33516900,0.0,0.0,,,,2.4962395589935795,0.9826596419310967,1.5135799170624828,
2025-01-10 05:00:00+00:00,97.75841734914007,100.40861093897112,96.51302376713998,98.97391510009766,20512600,0.0,0.0,,,,2.8440521871958566,1.3549381509840488,1.4891140362118078,
2025-01-13 05:00:00+00:00,95.48680294647082,95.64621695667893,92.53771216912662,94.70967864990234,22699100,0.0,0.0,,,,2.743977097171296,1.6327459402214983,1.1112311569497977,
2025-01-14 05:00:00+00:00,96.692365511978,97.05103948937172,95.02851382745943,97.001220703125,18613400,0.0,0.0,,,,2.817101368808892,1.869617025938977,0.9474843428699149,
2025-01-15 05:00:00+00:00,99.07355724072453,103.54700906539657,98.98388494601625,102.80973815917967,27568100,0.0,0.0,,,,3.3056462633804955,2.1568228734272807,1.1488233899532148,
2025-01-16 05:00:00+00:00,103.9355714361654,104.41380593904228,101.49460293945012,102.22190856933594,16243800,0.0,0.0,97.17357711791992,,,3.6038457859960005,2.446227455941025,1.1576183300549756,
2025-01-17 05:00:00+00:00,104.25437293744297,105.4898010766355,102.12226001928885,105.36028289794922,18908900,0.0,0.0,99.0087875366211,,,4.046763070259402,2.7663345788047007,1.2804284914547015,
2025-01-21 05:00:00+00:00,105.0414802650323,109.83375250408564,104.84222032544167,108.97692108154295,23533600,0.0,0.0,100.9525978088379,,,4.636167828185393,3.140301228680839,1.4958665995045535,
2025-01-22 05:00:00+00:00,108.76770006564952,110.26217247414029,107.36289995433368,108.82748413085938,20004300,0.0,0.0,101.94592514038087,,,5.033197464931163,3.5188804759309047,1.5143169890002586,
2025-01-23 05:00:00+00:00,104.40384024353212,105.78871735916884,102.96914434192536,104.45365142822266,22677600,0.0,0.0,102.23784561157227,,,4.937992463710458,3.802702873486816,1.1352895902236422,4.945280394000493
2025-01-24 05:00:00+00:00,105.11122317253862,105.33041366929272,102.34146893452858,102.80973815917967,19743800,0.0,0.0,102.61445388793945,,,4.675989851961916,3.977360269181836,0.6986295827800797,4.951685025295089
2025-01-27 05:00:00+00:00,94.51042688785348,95.745855168381,88.03438038966266,90.77424621582033,50696200,0.0,0.0,101.79448699951172,,,3.4573332934070464,3.8733548740268784,-0.41602158061983197,5.802823596534766
2025-01-28 05:00:00+00:00,92.2687149699685,93.10561576001108,87.71555660180576,87.9247817993164,34793600,0.0,0.0,101.11599731445312,,,2.2358378790528377,3.5458514750320704,-1.3100135959792327,5.358752217231351
2025-01-29 05:00:00+00:00,89.54878067728237,90.1166798675106,87.43659794934271,88.68199157714844,25342800,0.0,0.0,100.28407440185546,,,1.3137503671316892,3.0994312534519946,-1.7856808863203053,5.017870161871691
2025-01-30 05:00:00+00:00,90.32591055350478,92.81669775030852,89.96723658906271,92.15912628173828,22497100,0.0,0.0,99.21901321411133,,,0.8537238841734762,2.650289779596291,-1.7965658954228148,4.944569828762925
2025-01-31 05:00:00+00:00,91.31225554565204,93.92259553131404,90.80413285479582,90.9037628173828,20492100,0.0,0.0,98.087198638916,97.63038787841796,,0.3834322734835922,2.1969182783737513,-1.813486004890159,4.889060936240575
2025-02-03 05:00:00+00:00,88.32332166618511,91.06318777336284,87.6956383840853,89.58863830566406,18607900,0.0,0.0,96.5100341796875,97.7594108581543,,-0.0943096306810105,1.738672696562799,-1.8329823272438095,4.6698713975481825
2025-02-04 05:00:00+00:00,88.72183738470171,91.1129868615232,88.47275868075958,90.3259048461914,12827500,0.0,0.0,94.64493255615234,97.79876518249512,,-0.4087208044353474,1.3091939963631698,-1.7179148007985172,4.691219064783485
2025-02-05 05:00:00+00:00,90.05689624810617,93.3048846996332,89.88752455249325,93.25506591796876,15660000,0.0,0.0,93.08769073486329,97.51680793762208,,-0.4167312874978535,0.9640089395909652,-1.3807402270888187,4.467759906559799
2025-02-06 05:00:00+00:00,94.5303480066712,96.25397600116663,93.2351432929226,94.1916046142578,16141100,0.0,0.0,92.0614860534668,97.14966583251953,,-0.3435485928998645,0.7024974330927993,-1.0460460259926638,4.474876314320647
2025-02-07 05:00:00+00:00,95.23773085359004,95.57648184810832,91.25247153766982,91.9598617553711,15602800,0.0,0.0,90.97649841308593,96.7954761505127,,-0.4603274096029395,0.4699324645536516,-0.9302598741565911,4.54319554668435
2025-02-10 05:00:00+00:00,92.8465766847575,95.90526275214869,92.82664613246207,95.57647705078124,16217900,0.0,0.0,91.45672149658203,96.62560424804687,,-0.25806996425664863,0.3243319787915916,-0.5824019430482402,4.468471890836752
2025-02-11 05:00:00+00:00,93.9026785921367,95.48681562215916,93.21521888409256,93.73330688476562,12124000,0.0,0.0,92.03757400512696,96.57678565979003,,-0.24369870306341568,0.21072584242059014,-0.4544245454840058,4.430042294185471
2025-02-12 05:00:00+00:00,89.26981106776243,92.2986091927237,87.02810260433563,91.34214782714844,22874700,0.0,0.0,92.30358963012695,96.29383201599121,,-0.42040970583519766,0.0844987327694326,-0.5049084386046303,4.490532615006613
2025-02-13 05:00:00+00:00,91.72074040548296,95.71596498419892,91.68088690030848,95.30747985839844,16579900,0.0,0.0,92.61842498779296,95.91871910095215,,-0.23774472026227045,0.02005004216309199,-0.2577947624253624,4.5894520737413504
2025-02-14 05:00:00+00:00,98.04734914512836,100.3289034882862,97.63885640339812,99.15325164794922,21284500,0.0,0.0,93.44337387084961,95.76528625488281,,0.2148634279457866,0.05901271931963091,0.1558507086261557,3.8927424923392615
2025-02-18 05:00:00+00:00,102.26174609385818,107.4824332944,101.67392403559184,106.39645385742188,29641900,0.0,0.0,95.1241554260254,95.81709480285645,,1.1448276698565252,0.27617570942700975,0.8686519604295154,4.102679812928223
2025-02-19 05:00:00+00:00,105.37026039754416,106.79499093348768,103.23814723204534,103.97541809082033,17875900,0.0,0.0,96.48910675048828,95.56701965332032,,1.667254605415451,0.554391488624698,1.112863116790753,4.165305654590684
2025-02-20 05:00:00+00:00,103.59681377259464,104.46360276306,101.96285054647004,102.7997589111328,14488000,0.0,0.0,97.44357604980469,95.26563339233398,,1.9637786277111502,0.8362689164419885,1.1275097112691617,4.048594657692818
2025-02-21 05:00:00+00:00,103.25807599089808,103.27800654568463,97.38978181737065,98.47576141357422,18650800,0.0,0.0,97.87199172973632,94.96673889160157,,1.8287845014685047,1.0347720334472919,0.7940124680212128,4.246434804249659
2025-02-24 05:00:00+00:00,99.85067498743317,100.32890185634244,94.92887722046125,95.05840301513672,14883700,0.0,0.0,98.1818458557129,94.57917213439941,,1.4295692368563948,1.1137314741291124,0.31583776272728237,4.391611607578491
2025-02-25 05:00:00+00:00,95.14806913792916,95.57648483181605,92.41816854965984,92.87647247314452,18608200,0.0,0.0,97.91184539794922,94.68428344726563,,0.9264452200714004,1.0762742233175702,-0.14982900324616977,4.428617900535104
2025-02-26 05:00:00+00:00,95.64621721872612,99.35250935215628,95.14805983737855,97.34991455078124,21335200,0.0,0.0,98.27350616455078,95.15554008483886,,0.8785577348225928,1.0367309256185748,-0.15817319079598202,4.647094809954519
2025-02-27 05:00:00+00:00,97.47944041762904,99.5218888826684,91.15284269605488,91.48162841796876,22386300,0.0,0.0,98.2874542236328,95.29552192687989,,0.36290160632839275,0.9019650617605385,-0.5390634554321457,5.02925291555234
2025-02-28 05:00:00+00:00,90.66465253252638,94.11190104633486,89.53881947380276,93.2849578857422,23359100,0.0,0.0,98.08520202636718,95.35181350708008,,0.0986172283695197,0.7412954950823347,-0.642678266712815,5.047043719987598
2025-03-03 05:00:00+00:00,95.45692035489996,95.84548252612184,89.06058104263946,90.2063446044922,20281800,0.0,0.0,97.19051132202148,95.31694259643555,,-0.3551544090298222,0.5220055142599034,-0.8771599232897256,5.249865183323655
2025-03-04 05:00:00+00:00,89.867592058807,93.24509862794072,86.4801278145785,90.86390686035156,23611500,0.0,0.0,95.63725662231445,95.38070602416992,,-0.6541710457381953,0.2867702022602836,-0.9409412479984789,5.56441608665748
2025-03-05 05:00:00+00:00,91.81040826469248,94.69972263962931,90.09674563122876,93.9923324584961,14010300,0.0,0.0,94.63894805908203,95.56402740478515,,-0.6314273823872014,0.10313068533078659,-0.734558067717988,5.414256995798234
2025-03-06 05:00:00+00:00,90.59490333587026,92.94620682701547,88.70190373180881,88.9410171508789,18708100,0.0,0.0,93.25307388305664,95.34832496643067,,-1.0093664469518728,-0.1193687411257453,-0.8899977058261275,5.479729250772292
2025-03-07 05:00:00+00:00,89.95727269776425,92.99602856391114,89.16021774199622,92.617431640625,19133900,0.0,0.0,92.66724090576172,95.26961631774903,,-1.0006945701843364,-0.29563390693746355,-0.7050606632468728,5.410699806711182
2025-03-10 04:00:00+00:00,89.25984675199922,91.03329362946242,85.443966525686,86.75910186767578,21897900,0.0,0.0,91.83731079101562,95.00957832336425,,-1.449827587992786,-0.526472643148528,-0.923354944844258,5.328148625888913
2025-03-11 04:00:00+00:00,87.57607631385092,90.76428077435756,85.75281832489914,88.72183990478516,21962100,0.0,0.0,91.42184753417969,94.66684646606446,,-1.628618484022084,-0.7469018113232393,-0.8817166726988448,5.432049965032918
2025-03-12 04:00:00+00:00,92.12923562193431,96.6325754104298,91.90007986130884,95.2875518798828,23584700,0.0,0.0,91.21561126708984,94.74455871582032,,-1.2263765671253282,-0.8427967624836572,-0.38357980464167096,5.818477342822538
2025-03-13 04:00:00+00:00,93.90267411572636,97.7584153012888,93.65359540454408,94.53034973144533,18824700,0.0,0.0,91.5204833984375,94.90396881103516,,-0.9576575549918118,-0.8657689209852882,-0.09188863400652358,5.691091283424734
2025-03-14 04:00:00+00:00,98.38610328015515,102.40125139275062,98.38610328015515,100.41858673095705,24623600,0.0,0.0,92.23384628295898,95.15952415466309,,-0.26649232837355896,-0.7459136024629424,0.4794212740893834,5.867582499526455
2025-03-17 04:00:00+00:00,100.6875777332072,104.06508451439282,100.58794776705336,102.7300262451172,17095100,0.0,0.0,93.4862144470215,95.33836288452149,,0.46244417598541077,-0.5042420467732718,0.9666862227586825,5.90245260676071
2025-03-18 04:00:00+00:00,101.52447551056098,102.92927536875324,99.92040813970708,101.34513854980467,18434100,0.0,0.0,94.53433761596679,95.08579711914062,,0.9178028840367745,-0.21983306061126254,1.137635944648037,5.654797631763167
2025-03-19 04:00:00+00:00,100.44846300907068,103.21821707961944,100.11967728381816,101.68389129638672,16633100,0.0,0.0,95.30349349975586,94.97122077941894,,1.2911291235874103,0.08235937622847203,1.2087697473589383,5.278332889562292
2025-03-20 04:00:00+00:00,101.20566472387983,104.30420452884842,100.97650896282856,102.62042999267578,29204400,0.0,0.0,96.67143478393555,94.96225433349609,,1.6436171089953007,0.3946109227818378,1.249006186213463,5.189376746239988
2025-03-21 04:00:00+00:00,97.83811248617604,98.1370099733068,93.35469578688792,94.37094116210938,63239600,0.0,0.0,96.84678573608399,94.75701332092285,,1.2429733491529333,0.5642834080560569,0.6786899410968764,5.366579083547522
2025-03-24 04:00:00+00:00,95.74584768469435,98.05729764240684,94.97868865789567,96.58275604248048,35406600,0.0,0.0,97.82915115356447,94.83323097229004,96.18930747292258,1.091354800141886,0.6696976864732227,0.4216571136686633,5.146678059757183
2025-03-25 04:00:00+00:00,95.8255767725294,96.0248367315359,92.9063735255312,93.83294677734376,22191700,0.0,0.0,98.34026184082032,94.8810546875,96.31339416503906,0.7407702428699992,0.683912197752578,0.0568580451174211,5.080492738939235
2025-03-26 04:00:00+00:00,95.64622265460704,96.2838635308688,90.63476032963796,91.7904815673828,27107200,0.0,0.0,97.99055480957033,94.60308303833008,96.35433349609374,0.294722208396621,0.6060741998813867,-0.31135199148476567,5.106112344263775
2025-03-27 04:00:00+00:00,90.7543168247767,91.87019220291242,89.27977509070787,90.82406616210938,15658700,0.0,0.0,97.61992645263673,94.57020492553711,96.2076035933061,-0.13519724932821475,0.4578199100394664,-0.5930171593676812,5.001498465633226
2025-03-28 04:00:00+00:00,90.13660794559962,90.55505836873756,87.27718151826517,88.11408996582031,17118000,0.0,0.0,96.38947677612305,94.31166152954101,95.96359710693359,-0.6866684612174367,0.2289222357880858,-0.9155906970055225,4.742457003412169
2025-03-31 04:00:00+00:00,85.79463626077654,86.88202974141498,83.89917184440793,86.68251037597656,21089500,0.115,0.0,94.78472518920898,94.13546981811524,95.73884901566939,-1.2251076006484567,-0.061883731499222716,-1.163223869149234,4.685560979980309
2025-04-01 04:00:00+00:00,88.31859846191654,88.67773942870846,86.04404407968524,88.4981689453125,15337100,0.0,0.0,93.50002822875976,94.01718292236328,95.5483809037642,-1.4881614268579426,-0.3471392705709667,-1.1410221562869758,4.308629540221637
2025-04-02 04:00:00+00:00,86.92193677609905,89.71525361197476,86.49296328225762,88.388427734375,14520400,0.0,0.0,92.1704818725586,93.73698768615722,95.43344906893644,-1.6860529094973344,-0.6149219983562403,-1.0711309111410943,4.24559171400538
2025-04-03 04:00:00+00:00,82.72198873725262,83.15096221997379,74.03278876043606,74.1624755859375,44839500,0.0,0.0,89.32468643188477,92.99806060791016,95.01819915771485,-2.9567156053494443,-1.083280719754881,-1.8734348855945633,4.708787236336355
2025-04-04 04:00:00+00:00,70.48130061760043,71.1696478323159,63.70751313868909,64.56546020507812,50737700,0.0,0.0,86.34413833618164,91.59546203613282,94.32284864945845,-4.684128168318111,-1.803450209467527,-2.8806779588505838,5.1951061408944
2025-04-07 04:00:00+00:00,63.787315664293104,72.28697112772434,61.39304893165705,68.20674133300781,50181800,0.0,0.0,83.50653686523438,90.66784400939942,93.7043910633434,-5.693661132879583,-2.5814923941499384,-3.112168738729645,5.758324352824482
2025-04-08 04:00:00+00:00,71.42902614671698,72.7957574887861,63.36832220990868,65.38349914550781,40822100,0.0,0.0,80.66159210205078,89.50092697143555,92.97754044966264,-6.644936637075858,-3.3941812427351223,-3.250755394340736,6.210388315901349
2025-04-09 04:00:00+00:00,66.04191982545925,78.37240633574812,63.5478933111861,77.6840591430664,63132600,0.0,0.0,79.25094985961914,88.62075233459473,92.40857932350852,-6.333270931018944,-3.9819991803918873,-2.351271750627057,7.031589562940074
2025-04-10 04:00:00+00:00,72.32687510469314,72.87556478788883,67.33881475264535,69.88272857666016,44882300,0.0,0.0,77.15681610107421,87.38837127685547,91.70049285888672,-6.639242734351285,-4.513447891183767,-2.125794843167518,7.108697433271017
2025-04-11 04:00:00+00:00,68.8751420763307,70.00244103842446,66.67042019172567,69.38392639160156,30807800,0.0,0.0,75.28379974365234,85.83663825988769,91.06286149458451,-6.843093834524026,-4.979377079851819,-1.8637167546722075,7.083387745156827
2025-04-14 04:00:00+00:00,74.49169627551908,74.60143421923632,69.80292228663833,70.85041046142578,32634700,0.0,0.0,73.70058975219726,84.24265747070312,90.48178280917081,-6.807837775419543,-5.345069218965364,-1.4627685564541792,7.193468124491503
2025-04-15 04:00:00+00:00,70.95017975722467,72.62616849514895,70.38154112888485,70.87036895751953,19132700,0.0,0.0,71.93780975341797,82.71891899108887,90.11989413174716,-6.701041179276984,-5.616263611027688,-1.0847775682492964,6.950291279136735
2025-04-16 04:00:00+00:00,67.76779307874045,70.2817723264843,67.00960572004641,69.1644515991211,28475000,0.0,0.0,70.01541213989258,81.09294700622559,89.77879721901634,-6.677088066396195,-5.82842850210139,-0.8486595642948043,7.0410302880844915
2025-04-17 04:00:00+00:00,70.27180262440406,70.31170802393994,66.84001437608522,68.6357192993164,20694100,0.0,0.0,69.46273651123047,79.39371147155762,89.41431954123757,-6.624407286016506,-5.987624258884414,-0.6367830271320924,7.035659502656671
2025-04-21 04:00:00+00:00,67.59819601538176,67.83762078112703,65.49323393813212,66.58062744140625,19826100,0.0,0.0,69.66425323486328,78.00419578552246,88.94925592595881,-6.671580301039327,-6.124415467315397,-0.5471648337239303,6.959057162640377
2025-04-22 04:00:00+00:00,67.37872071591792,70.231891870198,67.27896103027251,70.04234313964844,20351200,0.0,0.0,69.84781341552734,76.67717514038085,88.56995738636364,-6.35636154997475,-6.170804683847268,-0.1855568661274818,7.031740668338129
2025-04-23 04:00:00+00:00,73.51403908303242,75.21995488386074,72.32687823233216,72.75585174560547,26385500,0.0,0.0,70.58504867553711,75.62332038879394,88.2639067216353,-5.820495898380855,-6.100742926753986,0.28024702837313065,7.1714064836592115
2025-04-24 04:00:00+00:00,74.39192987525861,77.4047149015955,73.42424497402789,77.23512268066406,23875600,0.0,0.0,70.54015502929687,74.895552444458,88.02589250044389,-4.9770069412199405,-5.875995729647177,0.8989887884272365,6.478065353805718
2025-04-25 04:00:00+00:00,77.36482205816903,80.10825535652714,76.71637266541275,79.58949279785156,19746200,0.0,0.0,71.51083145141601,74.33382377624511,87.77742753462358,-4.071622741033664,-5.5151211319244755,1.4434983908908112,5.973559656939003
2025-04-28 04:00:00+00:00,78.58190363850473,79.4199017802626,76.7363227318111,78.37240600585938,16882400,0.0,0.0,72.4096794128418,73.84673957824707,87.48980574174361,-3.4129654309493986,-5.09468999172946,1.6817245607800615,5.399220219079944
2025-04-29 04:00:00+00:00,77.75388507408854,78.0032880848613,76.28739415295664,76.6964111328125,17098000,0.0,0.0,72.99427947998046,73.34743461608886,87.21228845769708,-2.9917267826540836,-4.674097349914385,1.6823705672603015,4.874761402938895
2025-04-30 04:00:00+00:00,73.44420069183565,76.96576995448623,73.32448450771813,76.76624298095703,19779300,0.0,0.0,73.58386688232422,72.76083831787109,86.8702842018821,-2.622032118380929,-4.263684303607694,1.6416521852267651,4.075959433096473
2025-05-01 04:00:00+00:00,79.21039435317421,79.69922210223599,77.45459510135926,77.58428192138672,15349200,0.0,0.0,74.42584991455078,72.22063102722169,86.5766655661843,-2.2372479261282763,-3.8583970281118107,1.6211491019835345,3.5465119138720373
2025-05-02 04:00:00+00:00,79.3899749801364,81.47498067448115,78.91111780973523,80.52725219726562,18899700,0.0,0.0,75.6150032043457,72.53886985778809,86.38003110018643,-1.6755162671579171,-3.421820875921032,1.7463046087631149,3.586417478614582
2025-05-05 04:00:00+00:00,79.22037599571762,80.9562188195776,78.86123505130853,80.22795867919922,12513600,0.0,0.0,76.979736328125,73.32199478149414,86.10585798783735,-1.240194179466684,-2.9854955366301628,1.7453013571634788,3.363380045802747
2025-05-06 04:00:00+00:00,78.85126556860601,81.02606036885872,78.35245949158637,80.31775665283203,13173800,0.0,0.0,78.00727767944336,73.92754554748535,85.7633944424716,-0.8778332276300205,-2.5639630748301343,1.6861298472001138,3.3940210108747655
2025-05-07 04:00:00+00:00,80.79660164336156,82.67211725776716,80.00848717301524,82.42271423339844,14889700,0.0,0.0,78.97396392822266,74.77950630187988,85.32750826748935,-0.4160115554890922,-2.1343727709619262,1.718361215472834,3.308511499966108
2025-05-08 04:00:00+00:00,84.0488256825396,86.00414463077438,83.16095145633037,84.9466781616211,17580500,0.0,0.0,79.74511947631837,75.14263725280762,84.98153117786754,0.1518972651688557,-1.67711876373577,1.8290160289046258,3.316349839217623
2025-05-09 04:00:00+00:00,85.36566746750141,86.06399289609811,84.47779330349573,85.65497589111328,13017600,0.0,0.0,80.35166778564454,75.93124961853027,84.66980785023082,0.65161143339121,-1.211372724310374,1.862984157701584,3.205186570033202
2025-05-12 04:00:00+00:00,92.58837314903874,93.97505330797804,91.73042616580172,92.06961822509766,27765300,0.0,0.0,81.72138900756836,77.06553421020507,84.55333251953125,1.5474089715084318,-0.6596163851466128,2.207025356655045,3.5386732120384172
2025-05-13 04:00:00+00:00,92.32900882488032,97.1774045509305,92.32900882488032,96.69854736328124,28009100,0.0,0.0,83.72160263061524,78.35794105529786,84.58315332586115,2.60086966371739,-0.0075191753738123035,2.608388839091202,3.5336856821541707
2025-05-14 04:00:00+00:00,96.0700475377997,97.41682234023727,94.09477224602864,95.0923843383789,28044400,0.0,0.0,85.55421676635743,79.56904182434081,84.62344263250178,3.268464099630009,0.647677479626952,2.6207866200030567,3.4389133205983566
2025-05-15 04:00:00+00:00,93.78551258519856,95.38169037076584,91.9499024234142,95.2220687866211,24196100,0.0,0.0,87.31799545288087,80.87192268371582,84.58475452769886,3.76460591737424,1.2710631671764097,2.4935427501978307,3.4417636960438744
2025-05-16 04:00:00+00:00,95.67099974131656,97.95553231181825,95.47147275913834,97.76598358154295,22609300,0.0,0.0,89.04186859130859,82.32843589782715,84.69901553067294,4.313352898764492,1.8795211134940262,2.433831785270466,3.433213228840781
2025-05-19 04:00:00+00:00,95.4814542963906,98.783547950504,95.47147604414434,98.41443634033205,14380100,0.0,0.0,90.86051635742187,83.92012634277344,84.79227877530185,4.745856276352413,2.4527881460657035,2.2930681302867093,3.5208603755162753
2025-05-20 04:00:00+00:00,97.68616744648692,98.39447106933817,96.73843906929147,97.86573791503906,12331300,0.0,0.0,92.61531448364258,85.31129608154296,84.93154047185725,4.986857552201599,2.959602027292883,2.027255524908716,3.380482648678594
2025-05-21 04:00:00+00:00,96.92799263277377,98.58402471557376,95.03252817248917,95.61113739013672,15764300,0.0,0.0,93.93415679931641,86.45406036376953,85.01785375421697,4.93899175719433,3.3554799732731726,1.5835117839211574,3.424662464521854
2025-05-22 04:00:00+00:00,95.18217059526218,96.98784599392582,94.1446531362804,94.60355377197266,13245200,0.0,0.0,94.89984436035157,87.32248191833496,85.02896686900746,4.7648282188343245,3.637349622385403,1.1274785964489213,3.349840614846925
2025-05-23 04:00:00+00:00,92.039691318904,93.61591259832396,90.71286544475002,93.14704132080078,16545000,0.0,0.0,95.64905090332032,88.00035934448242,85.10544003573331,4.4578862400390165,3.8014569459161263,0.6564292941228902,3.4781052262007504
2025-05-27 04:00:00+00:00,94.95271749383438,96.4690844971744,93.9650836718486,96.14984893798828,17612600,0.0,0.0,96.05707397460938,88.88923149108886,85.16966580477627,4.406142719105645,3.92239410055403,0.4837486185516151,3.524422533279413
2025-05-28 04:00:00+00:00,96.46908758770704,96.97787189280136,95.37171579354734,95.95033264160156,10500300,0.0,0.0,95.98225250244141,89.85192756652832,85.33677909157493,4.299474640951985,3.9978102086336214,0.3016644323183635,3.4488886771724205
2025-05-29 04:00:00+00:00,98.35457426458308,99.39209177225092,95.88050049421676,96.56885528564452,14628700,0.0,0.0,96.12989959716796,90.8420581817627,85.47945209849965,4.216246760544976,4.041497519015892,0.1747492415290841,3.4439001686480077
2025-05-30 04:00:00+00:00,95.81066494609244,96.37930352647118,91.9997871101281,94.23443603515624,23758200,0.0,0.0,96.03113632202148,91.67456588745117,85.46030453768644,3.9167698569330867,4.016551986599332,-0.09978212966624511,3.656962210284725
2025-06-02 04:00:00+00:00,94.35415458972685,99.00302303491564,94.17458410662312,97.945556640625,16850300,0.0,0.0,96.0490936279297,92.54548110961915,85.52239920876242,3.9335452103009487,3.9999506313396553,-0.06640542103870661,3.407559461100994
2025-06-03 04:00:00+00:00,98.12511871565216,102.68420533422145,96.72846036798532,102.00582885742188,22757600,0.0,0.0,96.40823287963867,93.63437461853027,85.55125815651634,4.225757926555261,4.045112090382776,0.1806458361724843,3.4681279354155135
2025-06-04 04:00:00+00:00,102.13552322637145,103.66187612033173,101.45714669944786,103.00344848632812,14595900,0.0,0.0,96.92200393676758,94.76865921020507,85.5562294699929,4.486124920495698,4.133314656405361,0.352810264090337,3.3883193158923155
2025-06-05 04:00:00+00:00,106.046164469939,108.76964111729036,105.27799892548282,106.03618621826172,28833700,0.0,0.0,97.96450881958008,95.94933280944824,85.64152124578303,4.880920020626121,4.282835729249513,0.5980842913766082,3.555062507578787
2025-06-06 04:00:00+00:00,107.82191645055087,110.78482557389876,107.78201105363316,108.30076599121094,20710100,0.0,0.0,99.3342300415039,97.11703720092774,85.7618280584162,5.315259639133075,4.489320511226225,0.8259391279068495,3.6990036383244935
2025-06-09 04:00:00+00:00,109.24850235646984,112.2612875262312,108.32072280620444,110.68505859375,20159700,0.0,0.0,101.08803176879883,98.36854133605956,85.90845766934481,5.785181432306786,4.748492695442337,1.0366887368644484,3.7453214689431076
2025-06-10 04:00:00+00:00,111.26367119937704,114.64557545459296,110.96439214978967,113.86743927001952,22949400,0.0,0.0,102.85979080200195,99.45843238830567,86.262939453125,6.3412909090278475,5.0670523381594395,1.274238570868408,3.908501439643278
2025-06-11 04:00:00+00:00,115.32394858285232,116.97998819793332,114.45603099214124,115.75292205810548,21614100,0.0,0.0,104.84004974365234,100.41115112304688,86.61148792613636,6.855132676915574,5.424668405910667,1.4304642710049063,3.87714803855965
2025-06-12 04:00:00+00:00,113.8375159151288,116.20185930256064,113.24892082568384,115.90257263183594,17076500,0.0,0.0,106.77342147827149,101.45166053771973,87.01275385076349,7.191532025992231,5.77804112992698,1.4134908960652508,3.884987011361891
2025-06-13 04:00:00+00:00,113.52825459379515,116.82036979960958,113.38858951537024,115.3239517211914,17453000,0.0,0.0,108.882373046875,102.45675468444824,87.44063512628729,7.326980195206104,6.087828942982806,1.2391512522232988,3.852207865434513
2025-06-16 04:00:00+00:00,117.5286816186065,120.67116132410872,117.0398538101166,119.5538330078125,21374100,0.0,0.0,111.04320068359375,103.54614715576172,87.9629945234819,7.687028633321148,6.4076688810504745,1.2793597522706737,3.996862610187634
2025-06-17 04:00:00+00:00,119.31440437779624,123.21507130096954,119.06500135542994,120.0526351928711,20837700,0.0,0.0,112.84788131713867,104.62805709838867,88.5436953457919,7.92130688725274,6.7103964822909274,1.2109104049618127,4.178570742065175
2025-06-18 04:00:00+00:00,120.17234552630504,122.68633213148158,119.89301537265784,121.5290985107422,20180000,0.0,0.0,114.70044631958008,105.81122512817383,89.17726967551492,8.132367471818469,6.994790680196436,1.137576791622033,4.127265419264431
2025-06-20 04:00:00+00:00,122.47682789004628,123.8635156402483,120.09253570215677,123.30484771728516,29290400,0.0,0.0,116.42731246948242,107.19591064453125,89.81011838045987,8.346706983646115,7.265173940886372,1.0815330427597427,4.070259116591224
2025-06-23 04:00:00+00:00,123.37468219527352,124.21268028730064,119.52389901724584,121.78848266601562,23399200,0.0,0.0,117.7760841369629,108.5551570892334,90.4173921064897,8.29855403886684,7.471849960482466,0.826704078384374,4.060283569574244
2025-06-24 04:00:00+00:00,124.8112440701375,127.79410957695356,124.66160074053931,127.60456085205078,26420600,0.0,0.0,119.46803436279296,110.2780330657959,91.3890663840554,8.630217609348932,7.703523490255759,0.926694119093173,4.063846565624373
2025-06-25 04:00:00+00:00,126.30765776482843,127.19553184884002,125.32002400160192,126.94612884521484,39407000,0.0,0.0,120.7759033203125,111.81784706115722,92.5232603593306,8.739193436282761,7.910657479461159,0.828535956821602,4.069547096307587
2025-06-26 04:00:00+00:00,129.22069676524205,129.53993995056769,123.49440532405158,125.69912719726562,62678100,0.0,0.0,121.77052383422851,113.30528678894044,93.56857646595348,8.625505494741716,8.05362708251727,0.5718784122244465,4.089500095990005
2025-06-27 04:00:00+00:00,124.84117174943576,127.23544219975145,123.09535065604372,124.46208190917967,36888600,0.0,0.0,122.6264747619629,114.69994812011718,94.64273251620206,8.339455711353807,8.110792808284579,0.2286629030692282,4.046032395137912
2025-06-30 04:00:00+00:00,124.60174992566448,124.78132040395154,121.55903004668276,122.9556884765625,22799700,0.0,0.0,123.3896484375,116.1360107421875,95.46585304953835,7.900137963802877,8.06866183938824,-0.16852387558536286,3.993301596727091
2025-07-01 04:00:00+00:00,122.05783101782372,123.69391414710456,118.79564301074603,120.601318359375,24825800,0.0,0.0,123.49439697265625,117.268798828125,96.38800922740589,7.278100084278762,7.910549488366344,-0.6324494040875823,4.060284044978204
2025-07-02 04:00:00+00:00,120.21225816984146,122.7062884223278,117.77808220783837,121.44929504394533,29303800,0.0,0.0,123.63406295776367,118.24097213745117,97.33465229381214,6.775452021491645,7.683529994991405,-0.9080779734997595,4.189973851162177
2025-07-03 04:00:00+00:00,122.03789123758315,123.33478241381997,121.53908518260522,121.99798583984376,13247900,0.0,0.0,123.68095169067382,119.19069900512696,98.26460820978338,6.348196514177488,7.416463298828622,-1.0682667846511338,4.113727343519166
2025-07-07 04:00:00+00:00,121.00443056925452,121.33395428235092,118.7377227750919,119.74625396728516,19148400,0.115,0.0,123.32509231567383,119.87620239257812,99.15326066450639,5.761482716457422,7.085467182354382,-1.3239844658969595,4.101476113555775
2025-07-08 04:00:00+00:00,122.27258387300422,125.26823728877407,121.77330830370924,124.23973083496094,26238200,0.0,0.0,123.57021713256836,120.67315063476562,100.1546293778853,5.594602736560205,6.787294293195547,-1.1926915566353422,4.113959950596604
2025-07-09 04:00:00+00:00,124.63915286616177,125.96722770944324,121.10428091987492,122.0628890991211,20464000,0.0,0.0,123.01604995727538,121.24204216003417,101.12603246515448,5.226448964419191,6.475125227440276,-1.2486762630210846,4.164879725170083
2025-07-10 04:00:00+00:00,124.09992831374454,124.16982658534894,121.8432007159822,122.93162536621094,15378400,0.0,0.0,122.614599609375,121.69525146484375,102.15059606378729,4.947749626191452,6.169650107190511,-1.221900480999059,4.131544661637441
2025-07-11 04:00:00+00:00,121.95304698796392,124.62916432600564,121.06433709010123,124.34957122802734,15820600,0.0,0.0,122.47964401245117,122.12508392333984,103.13800021084872,4.786123323095893,5.892944750371588,-1.1068214272756949,4.116819468624074
2025-07-14 04:00:00+00:00,120.20558062208842,120.2654988695302,116.85044826228592,118.43814849853516,32117700,0.0,0.0,121.87725067138672,122.25186271667481,103.96858742453836,4.133383827171571,5.541032565731585,-1.407648738560014,4.317558161173118
2025-07-15 04:00:00+00:00,120.76477336864995,121.2141183196506,118.94741065788811,119.93597412109376,24958900,0.0,0.0,121.57527923583984,122.48246383666992,104.74496654163707,3.694358815045547,5.171697815594378,-1.477339000548831,4.08686836904294
2025-07-16 04:00:00+00:00,118.85753034135378,118.91744096652472,114.6436436886261,116.26129913330078,30614800,0.0,0.0,121.14127731323242,122.31783714294434,105.41172665682706,3.0151559282847415,4.740389438132451,-1.7252335098477092,4.3017107677585695
2025-07-17 04:00:00+00:00,113.76492890832743,114.03453435747744,110.78924323168371,113.0959014892578,34702400,0.0,0.0,120.30593795776367,121.97000045776367,106.0430629383434,2.1961458097503623,4.231540712456033,-2.0353949027056704,4.260748001694353
2025-07-18 04:00:00+00:00,114.07447423588386,114.63366802600726,113.11586610496688,114.22425842285156,19349900,0.0,0.0,119.52856521606445,121.60475845336914,106.72538743452593,1.6194552920998433,3.709123628384795,-2.0896683362849515,4.074867644054477
2025-07-21 04:00:00+00:00,113.42541988643065,115.7520458618148,112.50675466967192,113.06594848632812,22189800,0.0,0.0,118.86053466796875,121.09281349182129,107.38538208007813,1.0567761133393105,3.178654125375698,-2.1218780120363876,4.076510560831198
2025-07-22 04:00:00+00:00,112.69648559614342,112.83628215040233,107.97333521246811,109.06175994873048,27917600,0.0,0.0,117.34273757934571,120.45647735595703,107.95769986239347,0.28446512284006076,2.599816324868571,-2.31535120202851,4.0903921420813045
2025-07-23 04:00:00+00:00,109.2814336047265,110.13020050660514,108.72223981448322,109.67086791992188,17810000,0.0,0.0,116.10353546142578,119.55979270935059,108.48758378462358,-0.27527379364225624,2.0247983011664052,-2.3000720948086615,3.8389460333407674
2025-07-24 04:00:00+00:00,110.8990878061958,112.56667400949314,110.0902638160287,111.56812286376952,20293100,0.0,0.0,114.96718521118164,118.79089241027832,109.05740495161577,-0.5593306837571674,1.5079725041816907,-2.067303187938858,3.911111656176241
2025-07-25 04:00:00+00:00,110.8291875882889,111.33845079681775,108.6723211128652,111.09880065917967,16372300,0.0,0.0,113.64210815429688,118.06087608337403,109.61706029718573,-0.8129470477887679,1.043788593787599,-1.856735641576367,3.8850787051871296
2025-07-28 04:00:00+00:00,111.558126372551,111.8377194522472,109.70082077932324,111.08880615234376,12932300,0.0,0.0,112.90717391967773,117.39221229553223,110.13826196843928,-1.003182256076343,0.6343944238148106,-1.6375766798911537,3.643286944575347
2025-07-29 04:00:00+00:00,111.88765646062144,113.37549550183502,110.50965103414428,111.79778289794922,16653300,0.0,0.0,112.09335479736328,116.83431701660156,110.62646387273615,-1.084238109004616,0.29066791725092533,-1.3749060262555415,3.500636778726949
2025-07-30 04:00:00+00:00,112.43685456995016,114.7235375485772,112.2471350376527,114.5737533569336,16378800,0.0,0.0,111.92460021972656,116.53293876647949,111.15225982666016,-0.9139424801376634,0.049745837773207596,-0.9636883179108711,3.54343169167418
2025-07-31 04:00:00+00:00,112.02744878918814,112.10732708613884,106.78505558708078,108.98186492919922,29224300,0.0,0.0,111.5131965637207,115.9095672607422,111.45975522128019,-1.2161812497034674,-0.2034395797221274,-1.01274166998134,3.8451367298133525
2025-08-01 04:00:00+00:00,105.33715174400196,106.34569047222593,103.23020834677516,104.72803497314452,24003300,0.0,0.0,110.56357421875,115.04606971740722,111.60574590509589,-1.7784552536958103,-0.518442714516864,-1.2600125391789463,3.720317702433541
2025-08-04 04:00:00+00:00,105.86638144679488,107.7236870527334,105.30719528357558,107.61384582519533,14780600,0.0,0.0,110.01836395263672,114.43944931030273,111.83340884121982,-1.9685088896664382,-0.8084559495467789,-1.1600529401196593,3.736009292324501
2025-08-05 04:00:00+00:00,109.14164292787387,110.4796978020852,106.6752203868449,108.90198516845705,17836000,0.0,0.0,110.00238647460938,113.67256202697754,112.08213459361683,-1.9922206068229258,-1.0452088810020084,-0.9470117258209174,3.629734076808261
2025-08-06 04:00:00+00:00,107.74366849491209,108.80213025527776,106.5953331712724,108.62239074707033,13021900,0.0,0.0,109.89753875732421,113.000537109375,112.27952381480824,-2.01039862274763,-1.2382468293511328,-0.772151793396497,3.403633797920231
2025-08-07 04:00:00+00:00,113.97461616026484,115.11296374702592,110.62947166870065,111.7079086303711,18986500,0.0,0.0,109.91151733398438,112.43935127258301,112.52122331099076,-1.755591953676074,-1.3417158542161212,-0.41387609945995285,3.75740568814924
2025-08-08 04:00:00+00:00,112.00747092710674,119.15710019618987,111.50819539552296,118.71773529052734,28962200,0.0,0.0,110.67341079711915,112.157759475708,112.90035053599965,-0.9767619015570972,-1.2687250636843164,0.2919631621272192,4.071949517329528
2025-08-11 04:00:00+00:00,124.78893752459078,127.09558822640383,121.47374803549566,123.5407485961914,35065800,0.0,0.0,111.91860504150391,112.41288948059082,113.40816164883701,0.029305575643874704,-1.0091189358186783,1.038424511462553,4.306609493187848
2025-08-12 04:00:00+00:00,124.5193193513479,128.36374718808057,122.86172848384064,127.56490325927734,25961200,0.0,0.0,113.49531707763671,112.7943359375,114.00745891224254,1.1382163006982893,-0.5796518885152848,1.717868189213574,4.599042208339134
2025-08-13 04:00:00+00:00,127.3951522825585,128.41367867975276,123.1712777404818,124.0899429321289,18438200,0.0,0.0,114.44693603515626,113.1857681274414,114.5700571233576,1.7168450614590114,-0.12035249852042562,1.837197559979437,4.766656126174827
2025-08-14 04:00:00+00:00,123.02149136038292,125.55781204565196,121.22410396763792,125.10846710205078,12235900,0.0,0.0,116.05959625244141,113.78639640808106,115.09657745361328,2.2318712885848697,0.35009225890063345,1.8817790296842363,4.869363720968379
2025-08-15 04:00:00+00:00,122.99153287410724,123.20122768360156,119.2669416671264,120.6948699951172,18986700,0.0,0.0,117.65627975463867,114.10992698669433,115.54647813276812,2.2578656142575966,0.7316469299720261,1.5262186842855705,5.133979918254123
2025-08-18 04:00:00+00:00,121.17417752138984,123.5008034715467,120.4851824254618,123.3709945678711,12208800,0.0,0.0,119.23199462890625,114.62517929077148,116.03378975608132,2.4659808995569676,1.0785137238890146,1.387467175667953,5.144678245282278
2025-08-19 04:00:00+00:00,122.76187116002748,124.0599829818883,121.13422803785156,121.87316131591795,11491200,0.0,0.0,120.52911224365235,115.26574935913087,116.53631203391335,2.481446565666417,1.359100292244495,1.1223462734219218,5.144678266240047
2025-08-20 04:00:00+00:00,118.52801543401137,118.73771787430164,113.29560967462557,117.04017639160156,25795000,0.0,0.0,121.37089080810547,115.63421478271485,116.88348693847657,2.0797476882777346,1.503229771451143,0.5765179168265917,5.201024971342873
2025-08-21 04:00:00+00:00,116.83048413215752,117.55942982112036,115.44249864808889,115.62223815917967,13174900,0.0,0.0,121.76232376098633,115.83692054748535,117.13105801669035,1.6282136354492138,1.5282265442507572,0.09998709119845661,4.941401727814831
2025-08-22 04:00:00+00:00,117.47954328089116,120.5251196904183,116.34119558943844,117.5094985961914,17038300,0.0,0.0,121.64150009155273,116.15745544433594,117.39480438232422,1.4064431886306465,1.5038698731267353,-0.09742668449608871,5.07763240293267
2025-08-25 04:00:00+00:00,117.5094964330878,117.90891840586654,115.931783830699,116.2513198852539,8674800,0.0,0.0,120.91255722045898,116.41558113098145,117.58053408536044,1.1162960389557668,1.4263551062925415,-0.3100590673367747,4.947107914356044
2025-08-26 04:00:00+00:00,115.9217976530686,118.18851299672248,115.642204554088,116.33120727539062,12584300,0.0,0.0,119.78918762207032,116.64225234985352,117.72654210870917,0.8826242344185005,1.3176089319177333,-0.43498469749923285,4.964226231888175
2025-08-27 04:00:00+00:00,116.68069396999364,118.5579749050218,116.27129198243,117.5793914794922,15349300,0.0,0.0,119.13813247680665,116.79253425598145,117.85189361572266,0.7890598883484898,1.2118991232038847,-0.4228392348553949,4.663948369219333
2025-08-28 04:00:00+00:00,118.70775237434484,122.39240838204496,118.5579758035768,121.82323455810548,17295500,0.0,0.0,118.8096092224121,117.43460273742676,117.9965444391424,1.0453025421334416,1.1785798069897961,-0.1332772648563545,4.461384947925465
2025-08-29 04:00:00+00:00,122.42236503228764,122.5921168932376,117.88894206128386,118.83757019042967,16774000,0.0,0.0,118.62387924194336,118.14007949829102,118.0526289506392,0.9959775202742094,1.1420593496466789,-0.1460818293724695,4.198907940502411
2025-09-02 04:00:00+00:00,115.69213526029203,118.388220280945,114.0844673213942,118.30834197998048,13771900,0.0,0.0,118.1176139831543,118.67480430603027,118.09637021151455,0.9037647539352776,1.0944004305043986,-0.19063567656912106,4.145413952273522
2025-09-03 04:00:00+00:00,119.18705332143674,119.26693923342542,117.13004060693738,118.54798126220705,14101300,0.0,0.0,117.7850959777832,119.15710411071777,118.15498893044212,0.8403354950845596,1.0435874434204309,-0.20325194833587124,3.9235923585033126
2025-09-04 04:00:00+00:00,118.67780217442308,124.2297517264672,118.34827846785244,124.03003692626952,18589100,0.0,0.0,118.48408203125,119.92748641967773,118.23637445623224,1.2183787156813253,1.0785456978726098,0.1398330178087155,4.0341470142605065
2025-09-05 04:00:00+00:00,127.58485959990992,131.21959229669977,125.47792397100608,131.1796417236328,28416000,0.0,0.0,120.03982238769531,120.90107307434081,118.43868366588245,2.0710206106316207,1.277040680424412,0.7939799302072086,4.130434866796641
2025-09-08 04:00:00+00:00,130.3608461133798,132.06835992203332,128.21395215641957,131.26953125,19492600,0.0,0.0,121.41582565307617,121.52866287231446,118.61578244295987,2.7226141872899916,1.566155381797528,1.1564588054924636,4.190348203905844
2025-09-09 04:00:00+00:00,131.56908343176303,137.8000475906312,131.3693762651996,135.04405212402344,20705000,0.0,0.0,123.29509887695312,122.10382804870605,118.8292225230824,3.5031964132288635,1.9535635880837954,1.5496328251450682,4.44783116080545
2025-09-10 04:00:00+00:00,139.8171249458533,142.03390953793922,138.1395512268812,139.79714965820312,25791300,0.0,0.0,125.64169311523438,122.71544036865234,119.15665283203126,4.454005693677047,2.453652009202446,2.000353684474601,4.33442443027855
2025-09-11 04:00:00+00:00,147.50597557419826,156.033595603026,147.39613433936492,150.3518524169922,52446400,0.0,0.0,128.91893920898437,124.02853584289551,119.57023995139382,5.990154430413909,3.160952493444739,2.8292019369691705,5.34296119969222
2025-09-12 04:00:00+00:00,153.32753624852324,158.0506790486256,152.988032505207,157.002197265625,32288300,0.0,0.0,132.43683547973632,125.62322235107422,120.11671392267401,7.655937737088266,4.059949542173444,3.5959881949148214,5.542671564006134
2025-09-15 04:00:00+00:00,156.73258839504385,160.10768077438675,156.3231787845372,157.54141235351562,20101400,0.0,0.0,136.3072196960449,127.46554946899414,120.69566456187854,8.916805773692346,5.031320788477225,3.885484985215121,5.671769236483421
2025-09-16 04:00:00+00:00,157.7510950409448,159.3288075726342,156.94227110560914,158.5898895263672,16911600,0.0,0.0,140.3353744506836,129.22649421691895,121.31617015491832,9.886688530989204,6.002394336979621,3.884294194009583,5.660356952511319
2025-09-17 04:00:00+00:00,157.18194534837468,160.35733079621326,155.03505116324965,159.75820922851562,18843600,0.0,0.0,144.45639724731444,131.12074661254883,121.98530689586292,10.62709866145309,6.927335201874316,3.699763459578774,5.877185288966449
2025-09-18 04:00:00+00:00,162.75384881089644,170.20303146314984,162.36441449247226,168.64529418945312,28212800,0.0,0.0,148.9179229736328,133.7010025024414,122.85883372913707,11.79502678150439,7.900873517800331,3.894153263704059,6.279457098400838
2025-09-19 04:00:00+00:00,162.51419220729974,163.46281270894633,159.14907986190946,162.4942169189453,37309900,0.0,0.0,152.04938049316405,136.0446014404297,123.60510503595526,12.084969694079518,8.73769275305617,3.347276941023349,6.621817062371547
2025-09-22 04:00:00+00:00,164.14182722494232,167.01764390114386,161.35586125016843,164.3814697265625,25851200,0.0,0.0,155.3605743408203,138.38819999694823,124.3757138338956,12.324962573837752,9.455146717212486,2.869815856625266,6.686722761081543
2025-09-23 04:00:00+00:00,165.4399462305747,168.74516331615206,164.99060126309394,166.1688995361328,43316500,0.0,0.0,158.47305908203126,140.8840789794922,125.21976193514737,12.515122762744085,10.067141926318806,2.4479808364252786,6.845779544160224
2025-09-24 04:00:00+00:00,164.84080482320414,165.75946993662004,158.07063010135366,161.47569274902344,57096400,0.0,0.0,160.6409133911133,143.14130325317382,125.89677942449396,12.147099317898522,10.48313340463475,1.6639659132637732,7.004122128171966
2025-09-25 04:00:00+00:00,157.16196942539648,158.7197068264904,154.42593371021755,156.602783203125,32209200,0.0,0.0,161.26600646972656,145.09247283935548,126.52477749911222,11.331611249837863,10.652828973675373,0.6787822761624902,6.994136675913083
2025-09-26 04:00:00+00:00,158.29030296188466,158.68971725251637,154.9551311647282,157.0421142578125,24045000,0.0,0.0,161.2699981689453,146.85341682434083,127.14496820623225,10.598607277801449,10.641984634500588,-0.043377356699139114,6.985577984639828
2025-09-29 04:00:00+00:00,159.7681781154138,165.5597776194337,159.73822280095163,163.6625213623047,26506500,0.0,0.0,161.88210906982422,149.09466438293458,127.85974911776457,10.431658210862878,10.599919349773046,-0.16826113891016803,7.127517057567685
2025-09-30 04:00:00+00:00,163.87221998072343,168.7052035992652,163.72244341190353,167.07757568359375,20092500,0.0,0.0,162.7308776855469,151.53312606811522,128.74410233931107,10.454404349736194,10.570816349765675,-0.11641200002948082,6.988433116356593
2025-10-01 04:00:00+00:00,165.360055391913,182.1257203526332,165.26019419500858,181.8860626220703,41674800,0.0,0.0,164.94366302490235,154.7000301361084,129.87046758478337,11.534390688962873,10.763531217605115,0.7708594713577579,7.033367417271005
2025-10-02 04:00:00+00:00,184.69200282446204,185.9102210475626,180.9474365103876,183.48374938964844,25122200,0.0,0.0,166.42750854492186,157.67271575927734,131.0926939530806,12.376538580768198,11.086132690237733,1.2904058905304652,6.837935839095404
2025-10-03 04:00:00+00:00,185.05747089388944,191.69200169266887,184.767701195086,187.67530822753903,29399300,0.115,0.0,168.94561767578125,160.49749908447265,132.4486831665039,13.229667251378828,11.514839602465953,1.714827648912875,7.153918004321895
2025-10-06 04:00:00+00:00,194.8493866472828,200.8344588447796,189.27398043786616,190.802734375,36392300,0.0,0.0,171.587744140625,163.47415924072266,133.8410190929066,13.996788754345573,12.011229432841878,1.985559321503695,7.923390443623002
2025-10-07 04:00:00+00:00,194.68953886844125,195.1391652251319,183.08909958546357,185.53707885742188,27828200,0.0,0.0,173.5245620727539,165.9988105773926,135.15867600874466,14.018250018750905,12.412633550023685,1.60561646872722,8.403946586959053
2025-10-08 04:00:00+00:00,188.834358232664,196.7877940454988,188.6445122723342,196.3781280517578,26833900,0.0,0.0,177.01480560302736,168.8278594970703,136.74624633789062,14.740125303873072,12.878131900793564,1.8619934030795076,8.461510369347819
2025-10-09 04:00:00+00:00,192.81107263294027,196.4580604229229,189.34392927817512,192.17160034179688,19721500,0.0,0.0,180.57168731689453,170.91884689331056,138.246259654652,14.802155008471885,13.26293652232923,1.539218486142655,8.291361570576683
2025-10-10 04:00:00+00:00,192.8010839115899,193.2806843123076,179.4620729381871,181.450439453125,26990300,0.0,0.0,183.01251983642578,172.14125900268556,139.5168472290039,13.826818951058698,13.375713008075126,0.4511059429835722,8.873992193658475
2025-10-13 04:00:00+00:00,190.63285634686343,193.24070732923747,187.83517465760693,192.6112365722656,20928400,0.0,0.0,185.9073913574219,173.89475021362304,140.99889151833275,13.795416181095959,13.459653642679294,0.3357625384166649,9.404461785552968
2025-10-14 04:00:00+00:00,186.8060210760382,192.30149111787796,186.09659914411785,186.9059295654297,15912400,0.0,0.0,187.89022674560547,175.31055221557617,142.37738467129793,13.158475945610064,13.399418103265448,-0.2409421576553843,9.291345213650725
2025-10-15 04:00:00+00:00,192.32146993643855,192.72114964569585,187.26563977255464,191.78192138671875,17793100,0.0,0.0,188.87981262207032,176.91173782348633,143.8316417347301,12.898462562291087,13.299226995070578,-0.40076443277949103,9.203163859469315
2025-10-16 04:00:00+00:00,199.79532941067083,206.1700647865925,195.03923975679356,202.3632049560547,42041300,0.0,0.0,190.76775817871095,178.5976333618164,145.42781358198687,13.391848343714258,13.317751264799314,0.07409707891494399,9.964132238903998
2025-10-17 04:00:00+00:00,199.11588006243247,203.22249584725915,195.3889562042053,202.2133331298828,23283100,0.0,0.0,192.2215606689453,180.58358917236328,147.12293118563565,13.613834911759,13.376967994191252,0.23686691756774714,9.91526625900633
2025-10-20 04:00:00+00:00,209.4873354801509,214.5731398863498,205.33075784235103,206.59971618652344,23268400,0.0,0.0,193.80125885009767,182.69450149536132,148.97514357133346,13.982523493386338,13.49807909403027,0.4844443993560681,10.43791801039965
2025-10-21 04:00:00+00:00,204.13173684344656,205.70043582709465,200.6745798711446,202.12338256835935,13717300,0.0,0.0,195.45988922119142,184.49222564697266,150.69349878484553,13.754950629185117,13.54945340106124,0.2054972281238765,9.65646159309638
2025-10-22 04:00:00+00:00,202.08343479206852,205.41069416355637,192.2415407692192,198.3065490722656,21949800,0.0,0.0,195.6527313232422,186.33376846313476,152.3190363103693,13.115424480858337,13.46264761702066,-0.3472231361623237,10.242630797179391
2025-10-23 04:00:00+00:00,196.5379986864972,208.827871696848,195.039234057094,206.53976440429688,19397900,0.0,0.0,197.08954772949218,188.83061752319335,154.09935219504615,13.121688414144899,13.39445577644551,-0.2727673623006108,10.641229749803218
2025-10-24 04:00:00+00:00,212.2150853913515,219.6389743353905,209.8070664901897,218.83963012695312,25821800,0.0,0.0,200.828466796875,191.92049331665038,156.0472016768022,13.958247013095331,13.507214023775475,0.4510329893198559,10.636948272221293
2025-10-27 04:00:00+00:00,224.62484399451952,224.794702152935,215.5623219765756,219.91873168945312,23873100,0.0,0.0,203.55921630859376,194.73330383300782,157.8872197931463,14.540684250727764,13.713908069165933,0.8267761815618311,10.435685024842085
2025-10-28 04:00:00+00:00,218.74969235438624,222.71642407104707,217.38082549996855,221.7272491455078,14957500,0.0,0.0,207.04134826660157,197.4657875061035,159.67242889404298,14.9755731171538,13.966241078763508,1.0093320383902924,10.013176695056485
2025-10-29 04:00:00+00:00,228.87135078348567,232.20859640302865,225.9137970864112,226.443359375,23217300,0.0,0.0,210.5074920654297,199.69365234375,161.47021900523794,15.521850132037912,14.27736288941839,1.2444872426195221,10.253692131683133
2025-10-30 04:00:00+00:00,225.91380615828191,227.212723373412,220.55821966466257,223.8255157470703,14795100,0.0,0.0,212.65372314453126,201.7107406616211,163.28359305641868,15.564126932559105,14.534715698046533,1.0294112345125725,9.741970155585197
2025-10-31 04:00:00+00:00,227.56242644472127,231.05954386538664,218.6397884581818,223.5857086181641,16320000,0.0,0.0,214.79096069335938,203.50626068115236,165.07408835671166,15.400750900660881,14.707922738569405,0.6928281620914767,9.786933550663223
2025-11-03 05:00:00+00:00,233.68739709189376,237.4243073226684,231.60910820999857,234.5067138671875,21199300,0.0,0.0,217.58166046142577,205.69145965576172,167.14339460893112,15.96843390521363,14.96002497189825,1.0084089333153798,10.310073641831549
2025-11-04 05:00:00+00:00,221.95704904031803,228.4816698347356,217.22094732703684,217.85043334960935,23696200,0.0,0.0,219.15436553955078,207.3071273803711,168.8612025867809,14.902517199056774,14.948523417329955,-0.046006218273181076,11.129398388966155
2025-11-05 05:00:00+00:00,225.4841533115408,239.68245773138185,224.5449249855292,237.30441284179688,28617400,0.0,0.0,223.0541519165039,209.35344161987305,170.95995261452416,15.449452420686129,15.04870921800119,0.40074320268493935,11.661104173387496
2025-11-06 05:00:00+00:00,237.64412607230432,246.20707567016703,234.6865722825532,238.13372802734372,32016800,0.0,0.0,226.2135482788086,211.65154800415038,173.16165355335582,15.768056983252023,15.192578771051357,0.5754782122006663,11.924458726570352
2025-11-07 05:00:00+00:00,233.83724925385252,242.3502363627496,226.21352852190947,237.7240447998047,30613800,0.0,0.0,228.10198974609375,214.46522827148436,175.38168640136718,15.805301702344678,15.315123357310021,0.49017834503465707,12.194237375454149
2025-11-10 05:00:00+00:00,247.7557865767241,256.858284180447,247.6059009691577,253.0913848876953,27870600,0.0,0.0,231.41925506591798,217.48923568725587,177.84681160666725,16.880249318874718,15.628148549622962,1.252100769251756,13.137744737258684
2025-11-11 05:00:00+00:00,248.135463842015,249.78411405190823,238.59332616026848,240.9114227294922,22622500,0.0,0.0,233.3376724243164,220.18951034545898,180.11335893110797,16.558456318420525,15.814210103382475,0.74424621503805,13.232666546765088
2025-11-12 05:00:00+00:00,244.69830322265625,248.9847786735164,240.64164932949225,244.69830322265625,17263100,0.0,0.0,235.16316680908204,222.83532943725587,182.44730613014914,16.419726271155554,15.935313336937092,0.48441293421846154,12.84370166849867
2025-11-13 05:00:00+00:00,243.39938470933055,249.29451955420765,229.97045103623336,236.75485229492188,32324600,0.0,0.0,236.4561004638672,224.5549118041992,184.6141326904297,15.490249649904712,15.846300599530618,-0.35605094962590655,13.288334424704432
2025-11-14 05:00:00+00:00,231.25938560947495,254.95985215207116,231.0395655714366,246.6267242431641,36171100,0.0,0.0,238.76020202636718,226.77558135986328,186.88328704833984,15.37299992086534,15.751640463797562,-0.3786405429322226,14.33747059643837
2025-11-17 05:00:00+00:00,246.71664046236828,260.36537880925664,239.26279288694604,241.750732421875,30304400,0.0,0.0,239.48460388183594,228.53313217163085,189.1180718161843,14.716978706718976,15.544708112381846,-0.8277294056628701,15.463683978669234
2025-11-18 05:00:00+00:00,235.28606053944208,238.7332161601013,225.33427187377848,228.3118133544922,33843900,0.0,0.0,240.5307418823242,229.8425537109375,191.11813493208453,12.963236591038509,15.028413808113179,-2.0651772170746696,15.887620642281783
2025-11-19 05:00:00+00:00,226.723122628682,234.15699755114892,216.18180846432955,225.7339324951172,35256600,0.0,0.0,239.37369384765626,231.21392288208008,193.06697040904652,11.235850003463582,14.26990104718326,-3.0340510437196784,16.696241026429636
2025-11-20 05:00:00+00:00,230.0503978995124,230.4101020416229,199.435631207984,201.20416259765625,47420700,0.0,0.0,235.6807373046875,230.94714279174804,194.47013633034447,7.797649807663447,12.9754507992793,-5.177800991615852,18.0215778426035
2025-11-21 05:00:00+00:00,204.36156124737403,211.8254106635664,192.43139181117184,207.19921875,36679700,0.0,0.0,232.62825469970704,230.3651222229004,195.85231045809658,5.493279207064944,11.479016480836428,-5.985737273771484,18.418393567452803
2025-11-24 05:00:00+00:00,213.23424968286807,225.9237875384637,212.18511136196352,223.74557495117188,33052800,0.0,0.0,229.69367370605468,230.55646438598632,197.53369307084517,4.945196419714421,10.172252468612026,-5.227056048897605,18.52116515661802
2025-11-25 05:00:00+00:00,219.03946812913145,226.00372938148487,215.82211865905327,224.3450927734375,17441600,0.0,0.0,228.03704071044922,230.6873565673828,199.15734835537998,4.50725609727337,9.039253194344296,-4.531997097070926,17.688992752379384
2025-11-26 05:00:00+00:00,229.4308859738144,233.6374254340444,225.81387219183367,230.0703582763672,17817600,0.0,0.0,226.57424621582032,230.86870651245118,200.79867942116476,4.569492054599976,8.145300966395432,-3.5758089117954555,17.52983770045032
2025-11-28 05:00:00+00:00,235.4259554270632,237.90392405462185,233.2777321109968,236.2852478027344,12914700,0.0,0.0,226.52728576660155,231.49169311523437,202.36110479181463,5.061953099570644,7.528631393030475,-2.4666782934598306,16.936756124551355
2025-12-01 05:00:00+00:00,232.09867831862545,242.16039194453728,231.30933567412265,240.261962890625,18238200,0.0,0.0,225.89080963134765,232.32550582885742,203.87491871226916,5.707329160623601,7.1643709465491,-1.4570417859254992,16.34510018810652
2025-12-02 05:00:00+00:00,238.55337433372216,244.16874103087036,234.13701631172935,239.2927703857422,18166200,0.0,0.0,225.64501342773437,232.56480865478517,205.36130704012785,6.070610385724308,6.945618834384143,-0.8750084486598348,16.02607633037182
2025-12-03 05:00:00+00:00,236.1953223185405,237.6041647835438,227.90215466713155,233.9671630859375,19188200,0.0,0.0,226.2105484008789,233.37064514160156,206.7318029230291,5.861216912690878,6.7287384500454905,-0.8675215373546123,16.24375392855657
2025-12-04 05:00:00+00:00,230.0903484714977,233.96715792212248,223.14607529026708,226.4633331298828,23513900,0.0,0.0,226.28348846435546,232.82859115600587,207.94462335759943,5.031771580769259,6.389345076190244,-1.3575734954209846,15.63639816267772
2025-12-05 05:00:00+00:00,228.76143455869823,240.37187473615012,226.50330137516545,237.02462768554688,21161000,0.0,0.0,229.86553497314452,232.77313613891602,209.18788396661932,5.167075555005908,6.144891171953377,-0.9778156169474688,14.921273521651488
2025-12-08 05:00:00+00:00,243.2894764223214,249.02473941992127,241.4110198397423,246.71664428710935,20495400,0.0,0.0,233.81727752685546,233.22276611328124,210.71920082785866,5.987351211811614,6.113383179925025,-0.126031968113411,14.27109679394176
2025-12-09 05:00:00+00:00,244.2886506614627,255.2995639338636,242.63001412991284,252.2121124267578,17067100,0.0,0.0,236.66393127441407,233.17880249023438,212.31612160422586,7.00017032487284,6.290740608914588,0.7094297159582528,14.003460312217062
2025-12-10 05:00:00+00:00,254.9198778230841,264.53194983734414,250.3736221892886,263.4927978515625,21960700,0.0,0.0,240.57870178222657,234.3078712463379,214.08564702814274,8.613799289792723,6.755352345090215,1.858446944702508,13.73082735230536
2025-12-11 05:00:00+00:00,261.3146103034218,262.63353050812447,251.34283380916008,258.24713134765625,18867000,0.0,0.0,243.39637908935546,234.98531265258788,215.84512772993608,9.36141782564576,7.276565441201324,2.084852384444435,12.386219724359895
2025-12-12 05:00:00+00:00,255.45943871062727,255.60932432443445,239.12291305634324,240.94140625,25936900,0.0,0.0,243.86199493408202,235.19464035034179,217.37855723987926,8.45996233653645,7.5132448202683495,0.9467175162680999,12.366948255711213
2025-12-15 05:00:00+00:00,246.90649937758124,249.9040288029513,235.80564812911183,237.30441284179688,27483600,0.0,0.0,243.5662399291992,234.72852478027343,218.83787175958807,7.367153435451286,7.484026543304937,-0.11687310785365135,12.03650624752377
2025-12-16 05:00:00+00:00,235.60581103630304,239.20283712501305,230.39010872376195,232.31851196289065,22577300,0.0,0.0,242.86881408691406,234.2569137573242,220.08616249778055,6.029272278329927,7.193075690309936,-1.163803411980009,11.93872893886802
2025-12-17 05:00:00+00:00,236.3651754457263,237.25444186461323,221.5074267095709,225.3342742919922,41957100,0.0,0.0,242.00552520751953,234.10803680419923,221.1453751997514,4.3552179703332,6.625504146314588,-2.270286175981388,12.39977768847055
2025-12-18 05:00:00+00:00,256.3187300925832,263.43286144325225,244.79822699687696,248.3453063964844,65006100,0.0,0.0,244.1937225341797,235.23860549926758,222.35372508655894,4.82964273484987,6.266331864021645,-1.4366891291717758,14.561564929399507
2025-12-19 05:00:00+00:00,251.54264645412772,268.15895405598565,251.54264645412772,265.70098876953125,62312100,0.0,0.0,247.0613586425781,238.46344680786132,223.848583984375,6.530803264046426,6.319226144026602,0.21157712001982443,15.20175002861998
2025-12-22 05:00:00+00:00,276.92174951240804,279.7594069968648,268.06906072207244,276.3622131347656,30961900,0.0,0.0,250.02591552734376,241.9215965270996,225.4610731645064,8.639664274586124,6.7833137701385064,1.8563505044476178,15.489370993490876
2025-12-23 05:00:00+00:00,275.69276260905343,281.62784230536295,272.0957215109541,276.0424499511719,20767600,0.0,0.0,252.40894927978516,244.53644027709962,227.01088617498223,10.167939920339535,7.460239000178713,2.707700920160822,15.356621356047892
2025-12-24 05:00:00+00:00,277.7710640807415,289.06174621510235,277.0216817136172,286.44390869140625,18592600,0.0,0.0,254.70406036376954,247.64138107299806,228.84555580832742,12.079178916428958,8.384026983428763,3.6951519330001954,15.513636246637896
2025-12-26 05:00:00+00:00,290.60048652098465,290.6304605959691,283.18661404533066,284.55548095703125,17878500,0.0,0.0,257.334895324707,250.36563720703126,230.44878040660512,13.28829011784319,9.364879610311649,3.923410507531541,15.051872314092977
2025-12-29 05:00:00+00:00,280.212285314488,294.376349223858,278.38306709285047,294.24639892578125,26642900,0.115,0.0,262.66539459228517,253.2636947631836,232.30468583540483,14.857230639331874,10.463349816115695,4.393880823216179,15.337098770995345
2025-12-30 05:00:00+00:00,294.5762485898116,298.7044885113904,291.8873758546106,292.5071105957031,23056400,0.0,0.0,268.18566436767577,255.8759521484375,234.32389803799717,15.778397726539481,11.526359398200452,4.2520383283390295,14.919067546197423
2025-12-31 05:00:00+00:00,293.0469125010942,293.0469125010942,284.0606666232223,285.2901611328125,17573800,0.0,0.0,273.48282928466796,258.175821685791,236.00896939364347,15.744587963334368,12.370005111227236,3.3745828521071317,14.549633134041448
2026-01-02 05:00:00+00:00,295.00607846003123,315.4674842347152,294.73617231120267,315.2875671386719,42604300,0.0,0.0,282.47815856933596,262.24184188842776,238.34318098588423,17.93162879361728,13.482329847705246,4.449298945912032,15.837301638291468
2026-01-05 05:00:00+00:00,324.9934815276042,325.39330746509376,309.42000654760994,312.0189208984375,34608600,0.0,0.0,288.84552001953125,266.51962127685545,240.52930824973367,19.180026566912886,14.621869191546775,4.558157375366111,15.612236111589382
2026-01-06 05:00:00+00:00,318.14633463899094,344.40529136816224,317.92642580949723,343.2857666015625,48732400,0.0,0.0,296.6039978027344,271.8326782226562,243.09153664328835,22.433761498753825,16.184247652988187,6.249513845765637,16.91852109700976
2026-01-07 05:00:00+00:00,340.5669262408333,346.15457532139726,337.0384097193049,339.40740966796875,32781100,0.0,0.0,302.9085174560547,276.4672164916992,245.58597439852628,24.417944023313964,17.830986927053345,6.586957096260619,16.940195182784134
2026-01-08 05:00:00+00:00,342.7559961297741,343.51568673613724,321.225033117604,326.8826599121094,33897700,0.0,0.0,307.99253845214844,280.2007438659668,247.77293701171874,24.695110476296065,19.20381163690189,5.491298839394176,17.40759793017634
2026-01-09 05:00:00+00:00,332.61028389510386,345.6547922186109,326.0530407686874,344.9450988769531,33387500,0.0,0.0,313.8426574707031,284.27335891723635,250.3696954900568,26.07171624176766,20.577392557875044,5.494323683892617,16.08639538008087
2026-01-12 05:00:00+00:00,340.40698854579153,348.3236763062277,339.1775245541738,345.7247619628906,23152600,0.0,0.0,319.95958557128904,288.64724044799806,253.05002663352272,26.91533529288978,21.84498110487799,5.0703541880117875,15.324431386691774
2026-01-13 05:00:00+00:00,346.1245723219856,351.0825113246795,335.0792249908501,337.9880065917969,23881300,0.0,0.0,324.3337463378906,293.4995704650879,255.43999467329544,26.652385855557554,22.806462055013906,3.8459238005436482,15.463350537155764
2026-01-14 05:00:00+00:00,334.69938651336355,338.9576073671734,328.0621907202587,333.21002197265625,20277200,0.0,0.0,328.40403747558594,298.2948509216309,257.5194563432173,25.761490676000506,23.397467779211226,2.3640228967892796,15.560728812334755
2026-01-15 05:00:00+00:00,345.18497586053485,347.6239536979264,336.1287827693935,336.4886474609375,25370200,0.0,0.0,333.5238861083984,303.5033576965332,259.6389093572443,25.031460409874285,23.72426630534384,1.3071941045304456,15.660345631001876
2026-01-16 05:00:00+00:00,352.95174475741555,365.65639947953,351.8921922757467,362.5976867675781,47901900,0.0,0.0,338.25489807128906,310.3665283203125,262.200190041282,26.257012933411943,24.230815630957462,2.026197302454481,17.212053164427168
2026-01-20 05:00:00+00:00,364.5268677658108,381.3997849298565,361.1982794163825,364.84674072265625,49744900,0.0,0.0,343.5376800537109,316.1916000366211,264.7166151566939,27.097390149883154,24.8041305347426,2.2932596151405527,17.512640548889056
2026-01-21 05:00:00+00:00,372.69344271558526,394.0344837413667,366.5760174445932,388.9465942382813,56712800,0.0,0.0,348.1037628173828,322.35388031005857,267.7188165838068,29.3694986181668,25.717204151427442,3.6522944667393595,19.110542717598385
2026-01-22 05:00:00+00:00,396.4734477148891,397.61295311527766,376.7617278072447,397.41302490234375,39607600,0.0,0.0,353.9043243408203,328.4064208984375,270.87931324351916,31.490330221867907,26.871829365515534,4.618500856352373,19.958041248324175
2026-01-23 05:00:00+00:00,396.9932330663986,412.2568100921039,390.5759154525779,399.482177734375,35404200,0.0,0.0,361.1642761230469,334.57840728759766,273.8788671320135,32.958146886902625,28.089092869792953,4.869054017109672,19.351153501011556
2026-01-26 05:00:00+00:00,395.3339171248016,397.8328672962605,384.1386081547605,388.9266052246094,29193900,0.0,0.0,365.5624267578125,339.7025421142578,276.9893429842862,32.89051430873599,29.04937715758156,3.8411371511544274,19.306172691163745
2026-01-27 05:00:00+00:00,404.440077826186,416.2751327092956,399.43220241444334,410.0677185058594,36212100,0.0,0.0,371.99672241210936,345.97815399169923,280.1304939963601,34.14917572082783,30.069336870230813,4.079838850597014,18.946326763660995
2026-01-28 05:00:00+00:00,422.2626240537506,438.7556958666012,416.8249058156781,435.0972290039063,42725700,0.0,0.0,381.7076446533203,353.0206954956055,283.71164855957034,36.74279816922456,31.404029130029564,5.338769039194993,20.34431331785024
2026-01-29 05:00:00+00:00,439.1855085220348,444.5232626546009,417.5246245977186,435.6070251464844,42675700,0.0,0.0,391.9473449707031,360.17569122314455,287.3095209295099,38.396784700917976,32.80258024420725,5.594204456710727,20.68059792058946
2026-01-30 05:00:00+00:00,446.2825104531407,455.30871717161017,406.95903456699176,414.7057800292969,51022900,0.0,0.0,399.76905822753906,366.64647216796874,290.2479644775391,37.58773710584893,33.75961161653559,3.8281254893133436,22.73402157449624
2026-02-02 05:00:00+00:00,412.0069129532501,442.2442105860814,409.8278356846554,437.61614990234375,37771200,0.0,0.0,407.2709045410156,372.76290130615234,293.8244140625,38.35312548014508,34.67831438925749,3.6748110908875944,24.39618037087996
2026-02-03 05:00:00+00:00,441.9743469105657,442.11427226406215,407.3588826785566,419.2638854980469,42763300,0.0,0.0,412.7126190185547,378.1251495361328,296.9983337402344,37.05171778125771,35.152995067657535,1.898722713600172,25.735616317428256
2026-02-04 05:00:00+00:00,410.4175985803548,412.8265903346469,363.7472002495992,379.2406921386719,58074900,0.0,0.0,411.7420288085938,379.92289581298826,299.5889853737571,32.417121193276046,34.60582029278124,-2.188699099505193,28.922849788966325
2026-02-05 05:00:00+00:00,369.464800287834,390.7658502746559,365.8463251223046,382.729248046875,38899500,0.0,0.0,410.2736511230469,382.08898773193357,302.06357671564274,28.694890478067066,33.42363432983841,-4.728743851771341,29.67324931947212
2026-02-06 05:00:00+00:00,377.8112814329328,396.4834298764643,372.7134169593978,394.5242614746094,37196000,0.0,0.0,409.7778594970703,385.47106781005857,304.8412772438743,26.392518305365684,32.01741112494386,-5.624892819578179,29.287696526505975
2026-02-09 05:00:00+00:00,380.53014117002857,391.6454667226209,370.5243348583356,383.3389587402344,31009600,0.0,0.0,409.21909484863284,387.39076080322263,307.6599526145242,23.39562116212676,30.293053132380443,-6.897431970253685,29.559012319563102
2026-02-10 05:00:00+00:00,375.83210135336617,382.6292641429955,365.9062785636796,373.09326171875,35433800,0.0,0.0,405.5216491699219,388.7591857910156,310.3392131458629,19.963687499332593,28.227180005770872,-8.26349250643828,28.719364973694837
2026-02-11 05:00:00+00:00,395.2239899172025,413.9860973904565,386.4076861244116,410.1676940917969,48475000,0.0,0.0,403.02869567871096,392.3681701660156,314.13855008212005,20.004848750556448,26.58271375472799,-6.577865004171542,30.150908571100093
2026-02-12 05:00:00+00:00,422.0726950610797,438.5857472467042,410.9873554694847,413.7961730957031,45639100,0.0,0.0,400.8476104736328,396.397477722168,317.894858342951,20.09857342632199,25.285885689046793,-5.187312262724802,30.632134179341616
2026-02-13 05:00:00+00:00,405.0198675621167,420.7032819419831,392.54509679679575,411.4871520996094,33807600,0.0,0.0,400.52574768066404,400.14740295410155,321.3083415638317,19.758765461192695,24.180461643475976,-4.421696182283281,31.54746386259682
2026-02-17 05:00:00+00:00,400.78164369310247,413.486297918331,395.1339918596243,399.6121215820313,28549500,0.0,0.0,396.7253448486328,401.99812469482424,324.495014814897,18.320067151370722,23.008382745054927,-4.688315593684205,30.904876617883996
2026-02-18 05:00:00+00:00,399.3322490936073,427.6703509687872,394.434312715064,420.7732543945313,32306600,0.0,0.0,396.8762817382813,404.794450378418,327.9623401988636,18.672173746651254,22.141140945374193,-3.4689671987229396,31.229738110239815
2026-02-19 05:00:00+00:00,415.6353818204169,420.14349764725006,407.5687634245411,417.17474365234375,21651300,0.0,0.0,400.66968688964846,406.2058578491211,331.251240123402,18.44819174646409,21.402551105592174,-2.954359359128084,30.244441889747524
2026-02-20 05:00:00+00:00,415.00563825173424,430.3891898788619,414.97565207039486,427.9902038574219,29894900,0.0,0.0,405.1957824707032,407.734716796875,334.66448086825284,18.925243224255723,20.907089529324885,-1.981846305069162,27.891860118593854
2026-02-23 05:00:00+00:00,422.13267710547626,431.5187490538549,415.1256107182112,420.7932434082031,25426600,0.0,0.0,407.82268066406255,408.8002700805664,337.9644894686612,18.509212714049227,20.427514166269756,-1.918301452220529,26.747343221037973
2026-02-24 05:00:00+00:00,429.0397566415304,436.08678389659474,411.1072878383078,417.83447265625,33389200,0.0,0.0,411.27223205566406,410.24566345214845,341.30753146084874,17.736304388642793,19.889272210744362,-2.1529678221015693,26.04906511195093
2026-02-25 05:00:00+00:00,426.320904533902,436.7065562174714,422.8223742505053,428.8198547363281,27296300,0.0,0.0,416.8448913574219,411.1832702636719,344.9867409446023,17.804953081522683,19.472408384900028,-1.667455303377345,23.431593562863338
2026-02-26 05:00:00+00:00,424.6616000236277,433.81775727083726,401.79120277798825,415.385498046875,35433500,0.0,0.0,417.3666717529297,410.1976837158203,348.2296658602628,16.584145648221295,18.894755837564283,-2.310610189342988,23.939238515756035
2026-02-27 05:00:00+00:00,401.64127502928784,417.7844874423968,401.0115346894632,412.1968383789063,28653900,0.0,0.0,417.20673828125,409.0271743774414,351.2383966619318,15.184313461742875,18.152667362400003,-2.968353900657128,23.43944850403226
2026-03-02 05:00:00+00:00,401.3014252611373,417.4346322646796,396.8333009795397,412.4967346191406,30049200,0.0,0.0,417.3076965332031,408.9167221069336,354.15266251997514,13.938461580255819,17.309826205971167,-3.371364625715348,23.196691694665553
2026-03-03 05:00:00+00:00,386.3876793226664,389.9262014534376,374.39271800254,379.52056884765625,39010900,0.0,0.0,415.2985412597656,406.0119430541992,356.26225835626775,10.172946607801293,15.882450286337193,-5.709503678535899,24.6732157260974
2026-03-04 05:00:00+00:00,393.4747044571419,407.70871456901386,387.4472074874173,400.6016845703125,32644900,0.0,0.0,413.28138427734376,405.0788330078125,358.850522960316,8.78851024420635,14.463662277911025,-5.675152033704675,23.765737872501052
2026-03-05 05:00:00+00:00,398.4326377362109,404.3601404642322,380.1403034300277,396.8832702636719,29960100,0.0,0.0,411.2522369384766,405.9609619140625,361.68582957874645,7.307058273974576,13.032341477123737,-5.725283203149161,23.465865292450847
2026-03-06 05:00:00+00:00,379.98039581121793,391.0157382085629,367.2957218365765,370.1445007324219,34458800,0.0,0.0,405.46766662597656,405.3317245483398,364.10110390403054,3.930097955499832,11.211892772798956,-7.281794817299124,23.56796266972999
2026-03-09 04:00:00+00:00,363.807157928399,389.836231792493,357.51982117907266,389.1565246582031,35547200,0.0,0.0,402.3039947509766,405.0633377075195,366.9527041348544,2.756172572363937,9.520748732711953,-6.764576160348016,24.565398709352394
2026-03-10 04:00:00+00:00,393.8445501809074,415.1355933099149,393.4747104385503,402.9407043457031,33745400,0.0,0.0,400.8146179199219,406.04342498779295,370.1819119540128,2.904613770649405,8.197521740299443,-5.292907969650038,24.047043737780147
2026-03-11 04:00:00+00:00,410.5975029322861,422.572483402254,405.6196136029557,418.5141906738281,30191400,0.0,0.0,399.7840515136719,408.31447143554686,373.2758916681463,4.230142236841459,7.404045839607847,-3.173903602766388,24.506135743963053
2026-03-12 04:00:00+00:00,409.8278201806601,413.5562647459693,396.503431546638,405.1797790527344,31720900,0.0,0.0,398.7634796142578,408.06507568359376,375.81186967329546,4.156741193721302,6.754584910430539,-2.597843716709237,24.97736583815756
2026-03-13 04:00:00+00:00,413.5762735876892,429.1697295205888,412.8265884996149,425.9510803222656,39261000,0.0,0.0,400.13890380859374,408.6728210449219,378.5316672585227,5.70883288578375,6.545434505501182,-0.8366016197174329,25.51999527617261
2026-03-16 04:00:00+00:00,445.9726564891947,454.668984966884,437.566184274094,441.6144714355469,43067600,0.0,0.0,403.05067749023436,410.17918701171874,381.5420676491477,8.10930250101427,6.858208104603801,1.251094396410469,25.787024460910573
2026-03-17 04:00:00+00:00,452.3499727417273,462.5356960801549,444.95308633575695,461.4961242675781,43017900,0.0,0.0,411.24823303222655,413.2733871459961,384.72483520507814,11.483599405519215,7.783286364786884,3.700313040732331,25.93339168115247
2026-03-18 04:00:00+00:00,464.56485931012566,471.1420829782047,458.1075498691072,461.5361328125,58973700,0.0,0.0,417.3416778564453,415.31153106689453,387.9426652388139,13.99960365160058,9.026549822149624,4.973053829450956,24.576818725170224
2026-03-19 04:00:00+00:00,424.7915515471312,457.0280094101424,420.9331565419807,444.08343505859375,74591900,0.0,0.0,422.0616943359375,416.656965637207,390.6669749866832,14.419054409311798,10.105050739582058,4.31400366972974,26.27896326214063
2026-03-20 04:00:00+00:00,443.73360503223694,448.9114225546253,415.18556972243744,422.722412109375,64224900,0.0,0.0,427.3194854736328,416.39357604980466,393.03452592329546,12.879350985252529,10.659910788716152,2.219440196536377,27.216429086929768
2026-03-23 04:00:00+00:00,425.9710395632608,444.083425501308,401.3513776258061,404.1802062988281,54807300,0.0,0.0,428.8218536376953,415.56292419433595,395.1961631081321,10.047107087096947,10.53735004839231,-0.4902429612953636,27.54700274827986
2026-03-24 04:00:00+00:00,401.1115077869816,404.80996641862856,388.74670663101466,395.3639221191406,44975100,0.0,0.0,428.0641754150391,414.4393966674805,396.6520968350497,7.010322308258139,9.831944500365477,-2.8216221921073377,26.680939467298167
2026-03-25 04:00:00+00:00,382.8391870019348,388.75671475053633,371.22407085668544,381.9295654296875,55328700,0.0,0.0,424.405712890625,412.0948822021484,397.92319946289064,3.4794986879778094,8.561455337887944,-5.0819566499101345,26.6752261978875
2026-03-26 04:00:00+00:00,369.8646136394447,374.0928483986513,349.85303123454366,355.31072998046875,54515900,0.0,0.0,419.41880798339844,409.0911437988281,398.1418351606889,-1.4499083858316908,6.559182593144017,-8.009090978975708,26.853010895605248
2026-03-27 04:00:00+00:00,359.7088829463018,368.54519794334,353.911330523037,357.07000732421875,45806700,0.0,0.0,412.53070068359375,406.3348022460938,398.46297329989346,-5.1551150699606865,4.216323060523076,-9.371438130483764,25.589972096096865
2026-03-30 04:00:00+00:00,362.6600036621094,362.80999755859375,318.3999938964844,321.79998779296875,73833200,0.15,0.0,400.54925231933595,401.79996490478516,398.37056107954544,-10.812869841273084,1.2104844801638444,-12.023354321436928,26.90646745398241
2026-03-31 04:00:00+00:00,321.6700134277344,337.8399963378906,311.489990234375,337.8399963378906,73551800,0.0,0.0,388.1836395263672,399.7159362792969,398.24137739701706,-13.842815264315789,-1.8001754687320823,-12.042639795583707,27.38634081447989
2026-04-01 04:00:00+00:00,348.9100036621094,377.8900146484375,343.0,367.8500061035156,74429800,0.0,0.0,378.8150268554688,398.078352355957,398.64365456321025,-13.664990355033694,-4.1731384459924055,-9.491851909041289,28.6748593275768
2026-04-02 04:00:00+00:00,341.3399963378906,366.9400024414063,340.20001220703125,366.239990234375,51498700,0.0,0.0,371.0306823730469,396.5461883544922,399.1573269930753,-13.498376773447433,-6.0381861114834114,-7.460190661964021,28.936291001050368
2026-04-06 04:00:00+00:00,373.7999877929688,385.0799865722656,370.6099853515625,377.760009765625,41414900,0.0,0.0,366.53444213867186,396.92696380615234,399.96732677112925,-12.295035494515787,-7.289555988089887,-5.0054795064259,28.230726121998384
2026-04-07 04:00:00+00:00,374.1300048828125,379.25,364.1000061035156,377.5799865722656,40224100,0.0,0.0,363.8744201660156,396.34813690185547,400.71444202769885,-11.226493203147697,-8.07694343110145,-3.1495497720462478,27.818495354275267
2026-04-08 04:00:00+00:00,415.1300048828125,416.0,398.8800048828125,406.7300109863281,49216600,0.0,0.0,365.0110290527344,396.53760223388673,401.5168479225852,-7.936020876844054,-8.04875892024997,0.11273804340591553,29.631743948463615
2026-04-09 04:00:00+00:00,407.6099853515625,423.9400024414063,398.4400024414063,421.510009765625,43101000,0.0,0.0,368.9690734863281,396.68739318847656,402.5470891779119,-4.088545266983147,-7.256716189596605,3.1681709226134585,28.552959929140805
2026-04-10 04:00:00+00:00,420.2900085449219,423.8599853515625,410.0499877929688,420.5899963378906,36377600,0.0,0.0,375.4970001220703,397.45790405273436,403.1224237615412,-1.100939575236339,-6.025560866724552,4.924621291488213,27.130398838169793
2026-04-13 04:00:00+00:00,416.4700012207031,426.8800048828125,408.5,426.55999755859375,37015800,0.0,0.0,382.4459991455078,397.4883499145508,403.65236871892756,1.7285628683847563,-4.474736119702691,6.203298988087448,25.390967195834836
2026-04-14 04:00:00+00:00,434.3500061035156,465.7799987792969,424.8599853515625,465.6600036621094,52534900,0.0,0.0,396.8320007324219,398.6906265258789,404.8556019176136,7.044799596078974,-2.170828976546358,9.215628572625333,27.166449598700584
2026-04-15 04:00:00+00:00,457.6300048828125,463.9500122070313,439.3200073242188,456.2300109863281,40370100,0.0,0.0,408.67100219726564,398.4273208618164,406.07930020419036,10.377409586989927,0.33881873616089875,10.038590850829028,27.323602818374543
2026-04-16 04:00:00+00:00,452.9599914550781,462.3399963378906,444.3800048828125,457.2300109863281,33626400,0.0,0.0,417.6090026855469,398.21201477050784,406.93679643110795,12.949939812495757,2.86104295142787,10.088896861067887,26.315278336941276
2026-04-17 04:00:00+00:00,466.8500061035156,470.9700012207031,452.2000122070313,455.0700073242188,33405000,0.0,0.0,426.49200439453125,398.76134338378904,407.2999378551136,14.645569300316424,5.217948221205582,9.427621079110843,26.61071559361048
2026-04-20 04:00:00+00:00,458.25,464.55999755859375,435.8999938964844,448.4200134277344,32013600,0.0,0.0,433.55800476074216,400.04622344970704,407.5329012784091,15.276669023529678,7.229692381670401,8.046976641859278,25.48571559361048
2026-04-21 04:00:00+00:00,451.3200073242188,457.8200073242188,441.2999877929688,449.3800048828125,27734000,0.0,0.0,440.7380065917969,402.30621337890625,408.16334173029117,15.673607794275313,8.918475464191385,6.755132330083928,24.783573695591507
2026-04-22 04:00:00+00:00,462.9299926757813,491.9800109863281,458.55999755859375,487.4800109863281,45998100,0.0,0.0,448.81300659179686,406.9120178222656,409.0699573863636,18.845299821843355,10.90384033572178,7.941459486121575,24.96571568080356
2026-04-23 04:00:00+00:00,482.2799987792969,493.6199951171875,471.7999877929688,481.7200012207031,38178000,0.0,0.0,454.83400573730466,411.9015396118164,410.2055231267756,20.65599450804376,12.854271170186177,7.8017233378575845,24.549288068498868
2026-04-24 04:00:00+00:00,495.9200134277344,506.989990234375,489.3599853515625,496.7200012207031,35379600,0.0,0.0,462.44700622558594,418.9720031738281,412.3415105646307,23.035815193721646,14.89057997489327,8.145235218828375,25.0085732596261
2026-04-27 04:00:00+00:00,510.55999755859375,531.3599853515625,510.0199890136719,524.5599975585938,41298800,0.0,0.0,472.24700622558595,427.34650268554685,414.9202514648438,26.858685066221483,17.284200993158915,9.574484073062568,26.400715419224316
2026-04-28 04:00:00+00:00,503.5400085449219,518.8300170898438,488.2300109863281,504.2900085449219,44816600,0.0,0.0,476.11000671386716,436.4710037231445,416.9159923206676,27.930749973029947,19.41351078913312,8.517239183896827,26.251427786690833
2026-04-29 04:00:00+00:00,526.0,531.02001953125,508.7999877929688,518.4600219726562,36248500,0.0,0.0,482.3330078125,445.5020050048828,419.37273892489344,29.582759162365562,21.44736046377961,8.135398698585952,26.339285714285698
2026-04-30 04:00:00+00:00,529.739990234375,535.5,502.5799865722656,517.1599731445312,36554400,0.0,0.0,488.3260040283203,452.9675033569336,421.9921336780895,30.43623529692485,23.24513543040866,7.19109986651619,27.704286847795746
2026-05-01 04:00:00+00:00,511.7799987792969,545.9099731445312,510.2099914550781,542.2100219726562,40215300,0.0,0.0,497.0400054931641,461.76600494384763,424.3929032759233,32.75635598924282,25.147379542175493,7.608976447067327,28.941428048270076
2026-05-04 04:00:00+00:00,560.5999755859375,592.7999877929688,557.760009765625,576.4500122070312,46043700,0.0,0.0,509.84300537109374,471.700505065918,427.3502458052202,36.93221779264161,27.504347192268717,9.427870600372891,29.63213893345423
2026-05-05 04:00:00+00:00,609.780029296875,651.739990234375,605.469970703125,640.2000122070312,64268500,0.0,0.0,528.9250061035157,484.8315063476563,431.50866144353694,44.86849450137129,30.977176654089234,13.891317847282053,33.1285661969866
2026-05-06 04:00:00+00:00,660.3699951171875,667.6699829101562,627.5800170898438,666.5900268554688,55725800,0.0,0.0,546.8360076904297,497.82450714111326,436.36280517578126,52.68023959268578,35.31778924180855,17.362450350877232,34.709278651646194
2026-05-07 04:00:00+00:00,649.8300170898438,683.0900268554688,635.4199829101562,646.6300048828125,47527500,0.0,0.0,563.3270080566406,509.0805068969727,440.4692915482955,56.60795562261859,39.57582251797056,17.032133104648032,36.773568289620535
2026-05-08 04:00:00+00:00,676.4500122070312,747.2100219726562,676.2100219726562,746.8099975585938,65130900,0.0,0.0,588.3360076904297,525.3915069580078,446.46265980113634,67.03168747635902,45.06699550964825,21.964691966710774,41.91071210588728
2026-05-11 04:00:00+00:00,792.97998046875,818.6699829101562,768.0,795.3300170898438,70972900,0.0,0.0,615.4130096435547,543.8300079345703,453.1415654962713,78.305077951425,51.714611998003605,26.5904659534214,45.86356680733817
2026-05-12 04:00:00+00:00,774.7000122070312,782.760009765625,706.5999755859375,766.5800170898438,73743000,0.0,0.0,641.6420104980468,558.876008605957,459.4285977450284,83.95169353215852,58.16202830483459,25.789665227323923,49.1585693359375
2026-05-13 04:00:00+00:00,813.1599731445312,814.9500122070312,779.469970703125,803.6300048828125,54875100,0.0,0.0,670.1590087890625,576.2460083007812,466.4430619673295,90.37452022382865,64.6045266886334,25.769993535195255,51.05499703543527
2026-05-14 04:00:00+00:00,787.6199951171875,812.0,775.6300048828125,776.010009765625,42112651,0.0,0.0,696.0440124511719,592.1850082397461,472.7556102405895,92.17343588204164,70.11830852731505,22.055127354726594,51.84785461425781
