Date,Open,High,Low,Close,Volume,Dividends,Stock Splits,MA10,MA20,MA55,MACD,MACD_Signal,MACD_Hist,ATR,RSI
2025-01-02 05:00:00+00:00,25.43000030517578,25.65999984741211,23.700000762939453,24.959999084472656,13792700,0.0,0.0,,,,0.0,0.0,0.0,,
2025-01-03 05:00:00+00:00,25.024999618530277,28.770000457763672,25.024999618530277,28.739999771118164,22114700,0.0,0.0,,,,0.3015385163136024,0.06030770326272048,0.24123081305088193,,
2025-01-06 05:00:00+00:00,28.989999771118164,30.26000022888184,28.57999992370605,28.799999237060547,22305400,0.0,0.0,,,,0.5391365874457179,0.15607348009931998,0.3830631073463979,,
2025-01-07 05:00:00+00:00,29.1299991607666,29.959999084472656,27.420000076293945,27.950000762939453,19138800,0.0,0.0,,,,0.6513387696000166,0.2551265379994593,0.3962122316005573,,
2025-01-08 05:00:00+00:00,27.299999237060547,28.31999969482422,25.88999938964844,27.36000061035156,18750200,0.0,0.0,,,,0.6847582588922378,0.341052882178015,0.34370537671422285,,
2025-01-10 05:00:00+00:00,26.850000381469727,27.989999771118164,26.01000022888184,26.90999984741211,15340000,0.0,0.0,,,,0.667240609768271,0.40629042769606627,0.2609501820722048,,
2025-01-13 05:00:00+00:00,25.549999237060547,25.670000076293945,23.61000061035156,23.90999984741211,18040200,0.0,0.0,,,,0.40659583498717566,0.4063515091542882,0.0002443258328874709,,
2025-01-14 05:00:00+00:00,24.450000762939453,24.86000061035156,23.420000076293945,24.15999984741211,13862800,0.0,0.0,,,,0.2176964150306233,0.36862049032955524,-0.15092407529893193,,
2025-01-15 05:00:00+00:00,25.040000915527344,26.5,24.780000686645508,24.8700008392334,15252200,0.0,0.0,,,,0.12385567891330851,0.31966752804630594,-0.19581184913299743,,
2025-01-16 05:00:00+00:00,25.030000686645508,25.777000427246094,24.200000762939453,24.63999938964844,10860200,0.0,0.0,26.229999923706053,,,0.03057457994951207,0.2618489384269472,-0.2312743584774351,,
2025-01-17 05:00:00+00:00,25.1299991607666,25.652999877929688,23.940000534057617,24.0,14068300,0.0,0.0,26.13400001525879,,,-0.09391141277128412,0.19069686818730094,-0.28460828095858504,,
2025-01-21 05:00:00+00:00,26.0,31.63999938964844,25.520000457763672,31.270000457763672,62027700,0.0,0.0,26.38700008392334,,,0.3895700985399664,0.23047151425783405,0.15909858428213233,,
2025-01-22 05:00:00+00:00,29.649999618530277,30.18000030517578,28.440000534057617,29.6200008392334,27902200,0.0,0.0,26.469000244140624,,,0.632302707934798,0.31083775299322686,0.3214649549415712,,
2025-01-23 05:00:00+00:00,29.0,31.75,28.51000022888184,31.56999969482422,23888100,0.0,0.0,26.831000137329102,,,0.9708275646538382,0.44283571532534916,0.5279918493284891,2.7485712596348355,65.4223063840907
2025-01-24 05:00:00+00:00,32.029998779296875,33.34000015258789,30.200000762939453,30.36000061035156,23878600,0.0,0.0,27.131000137329103,,,1.1284658865167607,0.5799617495636316,0.5485041369531292,2.83285699571882,61.92579874438494
2025-01-27 05:00:00+00:00,28.940000534057617,30.229999542236328,28.479999542236328,29.43000030517578,17477200,0.0,0.0,27.38300018310547,,,1.1649236256088287,0.696954124772671,0.4679695008361576,2.6949998310634067,51.74330613602471
2025-01-28 05:00:00+00:00,29.700000762939453,30.489999771118164,27.850000381469727,28.979999542236328,16086900,0.0,0.0,27.89000015258789,,,1.1443144016361124,0.7864261801453594,0.35788822149075306,2.7635711942400243,50.44598687426585
2025-01-29 05:00:00+00:00,29.239999771118164,30.450000762939453,28.26000022888184,28.8700008392334,12874500,0.0,0.0,28.36100025177002,,,1.1063521284648203,0.8504113698092516,0.25594075865556876,2.7385713032313745,52.36625527525621
2025-01-30 05:00:00+00:00,29.184999465942383,30.809999465942383,27.770000457763672,28.530000686645508,19556500,0.0,0.0,28.72700023651123,,,1.0368790859906731,0.8877049130455359,0.14917417294513724,2.7821426391601554,53.04846285495793
2025-01-31 05:00:00+00:00,28.75,30.530000686645508,28.25900077819824,29.049999237060547,20632300,0.0,0.0,29.16800022125244,27.699000072479247,,1.0121137195726355,0.9125866743509559,0.09952704522167966,2.8029283796037947,55.555554455204344
2025-02-03 05:00:00+00:00,27.190000534057617,29.18000030517578,26.450000762939453,28.3799991607666,18884700,0.0,0.0,29.6060001373291,27.870000076293945,,0.9277292956994678,0.9156151986206582,0.012114097078809616,2.762214115687779,63.20141682331224
2025-02-04 05:00:00+00:00,29.020000457763672,30.15999984741211,28.40999984741211,28.68000030517578,17138200,0.0,0.0,29.347000122070312,27.867000102996826,,0.874975444689607,0.907487247834448,-0.032511803144841034,2.7864998408726285,63.309777914070466
2025-02-05 05:00:00+00:00,28.959999084472656,29.13599967956543,27.850000381469727,28.600000381469727,15116200,0.0,0.0,29.245000076293945,27.857000160217286,,0.8172910895037404,0.8894480161683066,-0.07215692666456619,2.711214065551758,61.406727493400695
2025-02-06 05:00:00+00:00,28.57999992370605,28.920000076293945,27.25,27.68000030517578,15384000,0.0,0.0,28.8560001373291,27.8435001373291,,0.6893926160839108,0.8494369361514275,-0.16004432006751668,2.7178569521222795,58.920191997507004
2025-02-07 05:00:00+00:00,27.979999542236328,29.69099998474121,27.21999931335449,27.40999984741211,19260100,0.0,0.0,28.561000061035156,27.846000099182127,,0.5597924352515129,0.7915080359714446,-0.2317156007199317,2.7719999040876115,60.22795507489806
2025-02-10 05:00:00+00:00,27.75,31.07999992370605,27.36000061035156,30.600000381469727,27264800,0.0,0.0,28.678000068664552,28.03050012588501,,0.7063474081395427,0.7744759104050642,-0.06812850226552158,2.4919998986380443,47.339157388098535
2025-02-11 05:00:00+00:00,29.86000061035156,30.31999969482422,28.07999992370605,28.21999931335449,20244700,0.0,0.0,28.602000045776368,28.24600009918213,,0.62326250216924,0.7442332287578994,-0.12097072658865948,2.4698570796421597,44.74473889656728
2025-02-12 05:00:00+00:00,28.01000022888184,28.57999992370605,27.399999618530277,27.6200008392334,15500000,0.0,0.0,28.477000045776368,28.419000148773193,,0.5032016576510046,0.6960269145365204,-0.19282525688551588,2.322714260646275,33.50042154478676
2025-02-13 05:00:00+00:00,28.07999992370605,28.381000518798828,27.01000022888184,28.299999237060547,18636400,0.0,0.0,28.45399990081787,28.59050006866455,,0.45764728803858645,0.6483509892369337,-0.19070370119834723,2.1963571820940286,40.996496413550595
2025-02-14 05:00:00+00:00,28.239999771118164,28.649999618530277,27.040000915527344,28.020000457763672,15313000,0.0,0.0,28.351000022888183,28.759500122070314,,0.39440510394775785,0.5975618121790985,-0.2031567082313407,2.1770712988717213,43.46617133333782
2025-02-18 05:00:00+00:00,28.270000457763672,29.788000106811523,27.38999938964844,27.739999771118164,20977200,0.0,0.0,28.28700008392334,28.94650011062622,,0.3180255020479166,0.5416545501528621,-0.22362904810494555,2.1597856794084818,44.16195801065997
2025-02-19 05:00:00+00:00,28.0,28.295000076293945,25.729999542236328,25.93000030517578,18899000,0.0,0.0,28.01200008392334,28.679500102996826,,0.11017228957772929,0.4553580980378356,-0.3451858084601063,2.1865713936941966,38.06817750792781
2025-02-20 05:00:00+00:00,25.979999542236328,26.149999618530277,23.8700008392334,25.26000022888184,22884800,0.0,0.0,27.678000068664552,28.461500072479247,,-0.10737849311128045,0.34281077980801244,-0.4501892729192929,2.13228566305978,37.07509466632853
2025-02-21 05:00:00+00:00,25.895000457763672,25.93000030517578,23.36000061035156,23.549999237060547,16255100,0.0,0.0,27.26499996185303,28.060500049591063,,-0.41301091202304363,0.19164644144180124,-0.6046573534648448,2.1536427906581337,30.13005802253703
2025-02-24 05:00:00+00:00,23.739999771118164,23.899999618530277,21.71999931335449,22.489999771118164,19606100,0.0,0.0,26.772999954223632,27.667000007629394,,-0.7323181957809588,0.006853513997249233,-0.739171709778208,2.114357130868095,29.304288197036755
2025-02-25 05:00:00+00:00,21.700000762939453,22.15999984741211,19.780000686645508,20.280000686645508,29089000,0.0,0.0,25.74099998474121,27.20950002670288,,-1.1504384368508696,-0.22460487617237454,-0.925833560678495,2.1807855878557487,23.9776922897842
2025-02-26 05:00:00+00:00,21.01499938964844,21.459999084472656,20.5,21.25,16325100,0.0,0.0,25.04400005340576,26.823000049591066,,-1.3875362481696598,-0.45719115057183163,-0.9303450975978282,2.173214094979423,28.42042944359953
2025-02-27 05:00:00+00:00,21.975000381469727,22.15999984741211,19.7549991607666,19.82999992370605,23949000,0.0,0.0,24.26499996185303,26.371000003814697,,-1.6707606221190048,-0.6999050448812663,-0.9708555772377385,2.2257141385759636,27.609806667930968
2025-02-28 05:00:00+00:00,16.360000610351562,20.489999771118164,16.170000076293945,20.489999771118164,37550700,0.0,0.0,23.48400001525879,25.96899995803833,,-1.8209704928314068,-0.9241181344712944,-0.8968523583601123,2.3577854973929275,30.691960044869532
2025-03-03 05:00:00+00:00,21.239999771118164,21.450000762939453,18.399999618530277,18.65999984741211,26785200,0.0,0.0,22.547999954223634,25.449499988555907,,-2.0638873883822804,-1.1520719852534917,-0.9118154031287886,2.3099284853254045,13.949264282687594
2025-03-04 05:00:00+00:00,17.969999313354492,19.950000762939453,17.510000228881836,18.9950008392334,25807900,0.0,0.0,21.673500061035156,24.980250072479247,,-2.203963083402119,-1.3624502048832172,-0.8415128785189017,2.304214205060686,18.22252398739667
2025-03-05 05:00:00+00:00,19.114999771118164,20.84000015258789,18.770000457763672,20.399999618530277,18412400,0.0,0.0,21.120499992370604,24.566250038146972,,-2.1765129351871195,-1.5252627509439978,-0.6512501842431218,2.367785590035575,26.43602101072078
2025-03-06 05:00:00+00:00,19.57999992370605,20.270000457763672,18.3700008392334,18.65999984741211,18086800,0.0,0.0,20.460499954223632,24.06925001144409,,-2.269006243139927,-1.6740114493831837,-0.5949947937567432,2.4148569107055673,20.573867502826104
2025-03-07 05:00:00+00:00,18.290000915527344,19.100000381469727,17.670000076293945,18.799999237060547,16108800,0.0,0.0,19.985499954223634,23.62524995803833,,-2.304446846570997,-1.8000985288207463,-0.5043483177502506,2.4019998822893425,21.61329300026452
2025-03-10 04:00:00+00:00,18.200000762939453,18.229999542236328,16.469999313354492,17.1200008392334,21122000,0.0,0.0,19.448500061035155,23.110750007629395,,-2.4399691647944195,-1.928072656015481,-0.5118965087789384,2.3971426827566975,19.89795466001938
2025-03-11 04:00:00+00:00,16.309999465942383,18.13999938964844,16.049999237060547,17.829999923706055,15509200,0.0,0.0,19.20349998474121,22.47224998474121,,-2.461703599230397,-2.0347988446584644,-0.42690475457193244,2.363214084080288,25.51389741436563
2025-03-12 04:00:00+00:00,18.920000076293945,19.3799991607666,17.579999923706055,18.43000030517578,19095600,0.0,0.0,18.92150001525879,21.982750034332277,,-2.4028151217142124,-2.108402100069614,-0.2944130216445986,2.328928402491979,29.26532546938799
2025-03-13 04:00:00+00:00,18.34499931335449,18.520000457763672,17.291000366210938,17.56999969482422,10493900,0.0,0.0,18.695499992370607,21.480249977111818,,-2.3978989544379665,-2.1663014709432846,-0.2315974834946819,2.2331427165440156,30.857870001328564
2025-03-14 04:00:00+00:00,18.09499931335449,18.96500015258789,17.799999237060547,18.809999465942383,12008900,0.0,0.0,18.527499961853028,21.00574998855591,,-2.2678034119592496,-2.186601859146478,-0.08120155281277164,2.177071298871722,38.35442604000026
2025-03-17 04:00:00+00:00,19.09000015258789,19.950000762939453,18.850000381469727,19.100000381469727,15581600,0.0,0.0,18.57150001525879,20.55974998474121,,-2.1168988151950074,-2.172661250356184,0.055762435161176516,2.064928599766323,45.749277598433224
2025-03-18 04:00:00+00:00,18.59499931335449,18.59499931335449,17.959999084472656,17.979999542236328,9768300,0.0,0.0,18.469999885559083,20.07174997329712,,-2.0638893112850063,-2.1509068625419485,0.08701755125694222,2.0620716639927457,38.34639792489153
2025-03-19 04:00:00+00:00,18.299999237060547,19.06999969482422,17.780000686645508,18.780000686645508,12096300,0.0,0.0,18.307999992370604,19.714249992370604,,-1.9350197874563762,-2.107729447524834,0.1727096600684579,1.9824286869594032,46.08501398580115
2025-03-20 04:00:00+00:00,18.399999618530277,18.8700008392334,18.15999984741211,18.530000686645508,8509000,0.0,0.0,18.295000076293945,19.37775001525879,,-1.8319451487022533,-2.0525725877603183,0.22062743905806492,1.7245716367449082,42.461541982797485
2025-03-21 04:00:00+00:00,18.104999542236328,18.979999542236328,17.979999542236328,18.940000534057617,16743600,0.0,0.0,18.30900020599365,19.14725008010864,,-1.6976052570221007,-1.981579121612675,0.2839738645905743,1.5781429835728242,51.20898397448304
2025-03-24 04:00:00+00:00,19.44499969482422,20.450000762939453,19.40999984741211,20.209999084472656,13807100,0.0,0.0,18.618000030517578,19.033250045776366,24.42045458013361,-1.4716968506068575,-1.8796026674115116,0.4079058168046541,1.5117143903459827,54.8541689559173
2025-03-25 04:00:00+00:00,20.295000076293945,20.38999938964844,19.61000061035156,20.270000457763672,12026500,0.0,0.0,18.86200008392334,19.032750034332274,24.33518187782981,-1.2731451764793142,-1.7583111692250724,0.4851659927457581,1.4195714678083158,49.41808791459858
2025-03-26 04:00:00+00:00,20.040000915527344,20.34499931335449,19.392000198364254,19.440000534057617,12762900,0.0,0.0,18.963000106811524,18.942250061035157,24.16609098261053,-1.169286791216571,-1.640506293623372,0.4712195024068011,1.3426429203578412,53.80117285207173
2025-03-27 04:00:00+00:00,19.049999237060547,19.290000915527344,18.309999465942383,18.420000076293945,11754300,0.0,0.0,19.048000144958497,18.87175006866455,23.977363725142045,-1.1559586137386866,-1.5435967576464351,0.38763814390774853,1.321214403424945,48.29443843570721
2025-03-28 04:00:00+00:00,19.559999465942383,19.790000915527344,18.43000030517578,18.6200008392334,25511900,0.0,0.0,19.029000282287598,18.77825012207031,23.807727362892845,-1.1163885150957356,-1.4581551091362952,0.34176659404055965,1.2526430402483266,57.76397221195492
2025-03-31 04:00:00+00:00,17.889999389648438,18.395000457763672,17.35099983215332,17.8799991607666,15132500,0.0,0.0,18.907000160217287,18.739250087738036,23.63536370017312,-1.1316953977449522,-1.3928631668580267,0.2611677691130745,1.1940002441406254,50.257993832713225
2025-04-01 04:00:00+00:00,17.690000534057617,18.799999237060547,17.110000610351562,18.149999618530277,14075300,0.0,0.0,18.92400016784668,18.69700002670288,23.4760909687389,-1.109252657916386,-1.3361410650696988,0.22688840715331282,1.1861430576869425,48.504270848213274
2025-04-02 04:00:00+00:00,17.59000015258789,19.75,17.5,19.34000015258789,15260400,0.0,0.0,18.98000011444092,18.64400005340576,23.393000065196645,-0.9840994412835222,-1.2657327403124636,0.2816332990289414,1.2590716225760328,59.13312340045596
2025-04-03 04:00:00+00:00,17.770000457763672,18.309999465942383,17.420000076293945,17.889999389648438,16592900,0.0,0.0,18.915999984741212,18.60550003051758,23.279000056873667,-0.9904996949106781,-1.2106861312321067,0.22018643632142854,1.2965715953281953,45.35353836995023
2025-04-04 04:00:00+00:00,17.125,17.3799991607666,15.0,16.3700008392334,22799700,0.0,0.0,18.65900001525879,18.48400011062622,23.124454602328214,-1.105479838441866,-1.1896448726740585,0.08416503423219246,1.4215714590890072,37.73585649341391
2025-04-07 04:00:00+00:00,14.71500015258789,18.239999771118164,14.710000038146973,17.520000457763672,23935500,0.0,0.0,18.39000015258789,18.504000091552733,22.995000076293945,-1.0912280743349179,-1.1699615130062304,0.07873343867131255,1.5922856330871586,47.93907287846843
2025-04-08 04:00:00+00:00,18.53700065612793,19.38999938964844,16.729999542236328,17.18000030517578,19958400,0.0,0.0,18.081000137329102,18.47150011062622,22.871000081842595,-1.0947490340093076,-1.154919017206846,0.06016998319753841,1.6901428358895445,42.5233645692789
2025-04-09 04:00:00+00:00,17.5,21.38999938964844,17.200000762939453,20.59000015258789,31470400,0.0,0.0,18.19600009918213,18.579500102996825,22.676818258112128,-0.8130090683309028,-1.0865370274316575,0.27352795910075467,1.9401426996503568,57.431454154902276
2025-04-10 04:00:00+00:00,19.809999465942383,20.739999771118164,18.93000030517578,19.6299991607666,16731400,0.0,0.0,18.317000007629396,18.682500076293945,22.495181863958184,-0.6595888430776604,-1.001147390560858,0.3415585474831977,1.997999804360527,52.39416534127369
2025-04-11 04:00:00+00:00,19.559999465942383,19.96999931335449,18.8700008392334,19.6299991607666,15484400,0.0,0.0,18.417999839782716,18.723500061035157,22.27809094515714,-0.5318711299239496,-0.9072921384334764,0.37542100850952687,1.9687139647347593,47.79299962680431
2025-04-14 04:00:00+00:00,20.309999465942383,20.459999084472656,18.65999984741211,19.1299991607666,13196800,0.0,0.0,18.542999839782716,18.725,22.07390910061923,-0.46563222497532664,-0.8189601557418464,0.3533279307665198,2.041571140289307,45.80264733737434
2025-04-15 04:00:00+00:00,19.950000762939453,22.100000381469727,19.770000457763672,21.06999969482422,30434200,0.0,0.0,18.83499984741211,18.879500007629396,21.92190908952193,-0.2536714195212326,-0.7059024084977237,0.45223098897649106,2.1856427192687993,55.54798733230041
2025-04-16 04:00:00+00:00,20.299999237060547,20.63999938964844,19.51000022888184,19.975000381469727,14733000,0.0,0.0,18.89849987030029,18.939249992370605,21.758181832053445,-0.17206479158951637,-0.5991348851160823,0.4270700935265659,2.2163568905421664,55.265831248577406
2025-04-17 04:00:00+00:00,20.084999084472656,20.43000030517578,19.420000076293945,19.739999771118164,9225400,0.0,0.0,19.083499908447266,18.99974994659424,21.592181812633168,-0.1249136099435404,-0.5042906300815739,0.37937702013803354,2.1906425612313405,53.78377939507162
2025-04-21 04:00:00+00:00,19.46999931335449,19.71999931335449,18.209999084472656,18.649999618530277,9055600,0.0,0.0,19.311499786376952,18.98524990081787,21.41254542957653,-0.173499863163034,-0.438132476697866,0.264632613534832,2.209285395486014,52.541255380233395
2025-04-22 04:00:00+00:00,18.8799991607666,19.420000076293945,18.549999237060547,19.040000915527344,9383900,0.0,0.0,19.46349983215332,18.926749992370606,21.230545460094106,-0.1784775949772559,-0.386201500353744,0.2077239053764881,2.1507141249520436,52.91421466649695
2025-04-23 04:00:00+00:00,20.450000762939453,21.399999618530277,20.09000015258789,20.290000915527344,17819300,0.0,0.0,19.774499893188477,18.927750015258788,21.083454582907937,-0.0806284948889413,-0.3250868992607835,0.2444584043718422,2.158571175166539,53.098501792136105
2025-04-24 04:00:00+00:00,20.309999465942383,22.06999969482422,20.020000457763672,21.8799991607666,15536400,0.0,0.0,19.903499794006347,19.04974994659424,20.959818198464134,0.12379021556844094,-0.23531147629493865,0.3591016918633796,2.1678568295070106,62.89592743444337
2025-04-25 04:00:00+00:00,21.989999771118164,22.559999465942383,21.75,22.3799991607666,13775600,0.0,0.0,20.17849979400635,19.247749900817873,20.846727267178622,0.32242265007985793,-0.12376465101997934,0.4461873010998373,2.0192854063851495,70.79584084503065
2025-04-28 04:00:00+00:00,23.200000762939453,23.770000457763672,21.722000122070312,22.670000076293945,13139000,0.0,0.0,20.482499885559083,19.450249862670898,20.755636353926224,0.497505996305172,0.0004894784450509282,0.4970165178601211,1.91342830657959,68.94775142717796
2025-04-29 04:00:00+00:00,22.82999992370605,23.0,22.299999237060547,22.399999618530277,6646500,0.0,0.0,20.80949993133545,19.67624988555908,20.664545440673827,0.6074714761039139,0.12188587797682354,0.4855855981270904,1.7734283719744002,69.30472781138134
2025-04-30 04:00:00+00:00,21.200000762939453,22.100000381469727,20.729999542236328,21.790000915527344,10400100,0.0,0.0,20.881500053405762,19.858249950408936,20.50436363220215,0.638043149483277,0.22511733227811426,0.41292581720516275,1.5919998713902064,55.597017846518234
2025-05-01 04:00:00+00:00,22.364999771118164,22.3799991607666,21.700000762939453,22.1200008392334,8397400,0.0,0.0,21.096000099182127,19.99724998474121,20.39345456903631,0.6810489484723412,0.3163036555169597,0.3647452929553815,1.5112855093819755,62.33895758578438
2025-05-02 04:00:00+00:00,22.3799991607666,23.420000076293945,22.34000015258789,22.989999771118164,12728900,0.0,0.0,21.42100009918213,20.252250003814698,20.309272731434216,0.7763833331472014,0.4083195910430081,0.36806374210419335,1.5255712781633652,65.32847121817635
2025-05-05 04:00:00+00:00,22.559999465942383,22.924999237060547,22.26000022888184,22.479999542236328,8016300,0.0,0.0,21.804000091552734,20.557749938964843,20.203454555164683,0.8015440626181558,0.48696448535803766,0.31457957726011815,1.4491427285330636,65.26891791775937
2025-05-06 04:00:00+00:00,21.915000915527344,22.440000534057617,21.50200080871582,22.3700008392334,7751400,0.0,0.0,22.13700008392334,20.80024995803833,20.100727289373225,0.8033476542704605,0.5502411191405222,0.2531065351299383,1.3068568365914481,57.11160559358313
2025-05-07 04:00:00+00:00,22.399999618530277,22.479999542236328,21.84499931335449,22.290000915527344,7727300,0.0,0.0,22.33700008392334,21.05574998855591,20.001636401089755,0.7892240053346562,0.598037696379349,0.1911863089553072,1.2407854625156953,64.246160476957
2025-05-08 04:00:00+00:00,23.024999618530277,23.200000762939453,22.25,23.100000381469727,15754000,0.0,0.0,22.459000205993654,21.18125,19.950181857022372,0.8337798046728402,0.6451861180380473,0.18859368663479292,1.2364997863769536,69.31035510897763
2025-05-09 04:00:00+00:00,22.899999618530277,22.899999618530277,20.23200035095215,20.51000022888184,30349700,0.0,0.0,22.272000312805176,21.225250053405762,19.863818220658736,0.6525767315299582,0.6466642407364296,0.005912490793528624,1.3320711680821016,59.11765277867121
2025-05-12 04:00:00+00:00,21.7549991607666,21.799999237060547,20.88500022888184,21.26000022888184,15229700,0.0,0.0,22.131000328063966,21.306750106811524,19.822181875055488,0.5630007997908919,0.6299315525473221,-0.06693075275643023,1.3620710372924807,60.511364713927414
2025-05-13 04:00:00+00:00,21.68000030517578,22.3700008392334,21.440000534057617,21.82999992370605,14950700,0.0,0.0,22.074000358581543,21.441750144958498,19.810181877829812,0.5318743240862496,0.6103201068551076,-0.07844578276885805,1.272785459245954,57.7935209189718
2025-05-14 04:00:00+00:00,21.989999771118164,24.520000457763672,21.86000061035156,24.1299991607666,36800900,0.0,0.0,22.30800018310547,21.594750118255615,19.880181850086558,0.6849019609026996,0.625236477664626,0.059665483238073636,1.3184998376028878,60.62323313535804
2025-05-15 04:00:00+00:00,23.59000015258789,25.229999542236328,22.770000457763672,25.21999931335449,27530600,0.0,0.0,22.618000030517578,21.857000064849853,19.952363655783913,0.8839418371231389,0.6769775495563286,0.2069642875668103,1.4363569532121931,62.70125690561078
2025-05-16 04:00:00+00:00,25.299999237060547,25.75,24.93000030517578,25.56999969482422,24452900,0.0,0.0,22.876000022888185,22.148500061035158,20.05672728798606,1.0577316071894636,0.7531283610829557,0.3046032461065079,1.3486426217215401,62.900358815848314
2025-05-19 04:00:00+00:00,24.299999237060547,25.81999969482422,24.290000915527344,25.799999237060547,17316300,0.0,0.0,23.207999992370606,22.50600004196167,20.153272732821378,1.2001853038336172,0.8425397496330881,0.3576455542005291,1.407928194318499,65.1785764463116
2025-05-20 04:00:00+00:00,25.940000534057617,26.39699935913086,25.34000015258789,26.0,18173600,0.0,0.0,23.570999908447266,22.8539999961853,20.286727281050247,1.3140714768367872,0.936846095073828,0.37722538176295917,1.3641424179077146,69.50880544791241
2025-05-21 04:00:00+00:00,25.655000686645508,26.65999984741211,25.040000915527344,25.170000076293945,17081800,0.0,0.0,23.858999824523927,23.09799995422363,20.398999994451348,1.3221125418075985,1.0138993844205821,0.3082131573870164,1.4312853131975445,63.507528876319654
2025-05-22 04:00:00+00:00,24.75,26.56800079345703,23.920000076293945,25.81999969482422,18681200,0.0,0.0,24.130999755859374,23.294999980926512,20.497545450383967,1.3651975333135553,1.0841590141991768,0.2810385191143785,1.5275711332048687,62.78229669976932
2025-05-23 04:00:00+00:00,25.334999084472656,25.51499938964844,24.670000076293945,25.420000076293945,14249900,0.0,0.0,24.621999740600586,23.44700002670288,20.620454545454546,1.351486972664084,1.1376246058921584,0.2138623667719255,1.5575711386544364,63.41241465004234
2025-05-27 04:00:00+00:00,26.600000381469727,28.76000022888184,26.57999992370605,28.76000022888184,21781500,0.0,0.0,25.371999740600586,23.751500034332274,20.801545472578567,1.5917822780863098,1.2284561403309888,0.36332613775532097,1.7262855257306782,72.51585626520404
2025-05-28 04:00:00+00:00,29.90999984741211,30.780000686645508,28.520000457763672,28.93000030517578,30832500,0.0,0.0,26.08199977874756,24.07800006866455,21.016272735595702,1.7754691214338791,1.337858736551567,0.4376103848823121,1.8423569543021066,73.24929957023213
2025-05-29 04:00:00+00:00,29.690000534057617,30.030000686645508,27.26000022888184,27.350000381469727,16266100,0.0,0.0,26.403999900817873,24.35600004196167,21.18936365300959,1.7731101686449229,1.4249090229702381,0.34820114567468474,1.9723569325038361,64.11960204467783
2025-05-30 04:00:00+00:00,27.01499938964844,27.21999931335449,26.030000686645508,26.790000915527344,12706300,0.0,0.0,26.561000061035156,24.58950004577637,21.34136366410689,1.7063832805026742,1.4812038744767255,0.22517940602594866,1.8617854799543105,74.11674879351395
2025-06-02 04:00:00+00:00,26.5,27.0,25.809999465942383,26.600000381469727,10757100,0.0,0.0,26.66400012969971,24.770000076293947,21.50554549477317,1.6195016784663707,1.5088634352746546,0.11063824319171611,1.854642731802804,71.42857361539643
2025-06-03 04:00:00+00:00,27.38500022888184,28.0,26.46999931335449,26.71999931335449,12186500,0.0,0.0,26.756000137329103,24.982000064849853,21.649363673817028,1.5425487520245653,1.5156004986246367,0.026948253399928568,1.8846427372523722,70.35803527499651
2025-06-04 04:00:00+00:00,26.75,27.459999084472656,26.15999984741211,26.90999984741211,11683000,0.0,0.0,26.847000122070312,25.209000015258788,21.79136366410689,1.479835832292423,1.5084475653581941,-0.02861173306577114,1.7853569303240098,64.0404080493198
2025-06-05 04:00:00+00:00,26.8799991607666,26.959999084472656,25.520000457763672,26.450000762939453,27953900,0.0,0.0,26.975000190734864,25.417000007629394,21.94536368630149,1.377142468700562,1.4821865460266677,-0.10504407732610566,1.7124997547694618,56.63431306324149
2025-06-06 04:00:00+00:00,28.15999984741211,29.09000015258789,26.350000381469727,28.920000076293945,34136500,0.0,0.0,27.285000228881835,25.707999992370606,22.129727311567827,1.4780277561973172,1.4813547880607978,-0.0033270318634806006,1.8496426173618865,64.70588727818276
2025-06-09 04:00:00+00:00,30.0,32.70000076293945,28.354999542236328,29.63999938964844,60217100,0.0,0.0,27.707000160217284,26.164499950408935,22.331727287986062,1.5976611573675328,1.5046160619221447,0.09304509544538808,2.0507142203194757,66.16162054028715
2025-06-10 04:00:00+00:00,29.56999969482422,29.790000915527344,27.0,27.170000076293945,30798100,0.0,0.0,27.548000144958497,26.45999994277954,22.48136364329945,1.476147083061015,1.4989222661499189,-0.022775183088903805,2.1745000566755026,54.13427711397981
2025-06-11 04:00:00+00:00,27.71500015258789,28.040000915527344,26.88999938964844,27.36000061035156,21283400,0.0,0.0,27.391000175476073,26.736499977111816,22.611363671042703,1.3792782972692095,1.474993472373777,-0.09571517510456751,2.1409288133893694,58.10511145568574
2025-06-12 04:00:00+00:00,27.040000915527344,27.40999984741211,26.280000686645508,26.399999618530277,12967500,0.0,0.0,27.29600009918213,26.85,22.722818201238457,1.2110844025318315,1.4222116584053879,-0.2111272558735564,2.0325001307896207,52.09840816411594
2025-06-13 04:00:00+00:00,25.649999618530277,26.51000022888184,25.239999771118164,25.40999984741211,15593900,0.0,0.0,27.157999992370605,26.859500026702882,22.83136364329945,0.9865326867078608,1.3350758640658824,-0.34854317735802165,2.041071619306292,49.96530107456146
2025-06-16 04:00:00+00:00,25.8700008392334,26.57999992370605,25.600000381469727,26.549999237060547,13601300,0.0,0.0,27.152999877929688,26.908500003814698,22.979181809858844,0.8902994397327397,1.246120579199254,-0.3558211394665143,1.8860716138567242,40.95003479623308
2025-06-17 04:00:00+00:00,26.100000381469727,27.21999931335449,25.709999084472656,26.420000076293945,14498900,0.0,0.0,27.122999954223634,26.939500045776366,23.120999977805397,0.7943868551784554,1.1557738343950943,-0.36138697921663887,1.8325001852852953,39.68775267087663
2025-06-18 04:00:00+00:00,26.399999618530277,28.065000534057617,26.229999542236328,27.850000381469727,18457700,0.0,0.0,27.217000007629395,27.032000064849854,23.302272727272726,0.8242629246137234,1.0894716524388202,-0.26520872782509675,1.7657145091465538,52.07986746938244
2025-06-20 04:00:00+00:00,28.350000381469727,30.11000061035156,27.84000015258789,30.040000915527344,37066000,0.0,0.0,27.576000022888184,27.275500106811524,23.51845456903631,1.0129776891432343,1.0741728597797031,-0.06119517063646884,1.8335717064993717,61.904763900940814
2025-06-23 04:00:00+00:00,28.924999237060547,32.93000030517578,28.440000534057617,32.779998779296875,44056800,0.0,0.0,27.961999893188477,27.623500061035156,23.76281818043102,1.3678625600110088,1.1329107998259644,0.23495176018504438,2.069285937717982,69.07407496800775
2025-06-24 04:00:00+00:00,33.08000183105469,34.22999954223633,32.43000030517578,33.459999084472656,28392600,0.0,0.0,28.3439998626709,28.02550001144409,24.045909083973278,1.6845631235252974,1.243241264565831,0.4413218589594663,2.088571548461913,70.1074021871922
2025-06-25 04:00:00+00:00,34.0,34.5,31.780000686645508,32.349998474121094,22969800,0.0,0.0,28.861999702453613,28.204999923706055,24.33645449551669,1.8249459878628613,1.3595822092252372,0.4653637786376241,2.190000125340052,65.3846145547559
2025-06-26 04:00:00+00:00,32.40999984741211,37.27000045776367,32.40999984741211,36.13999938964844,41601800,0.0,0.0,29.7399995803833,28.56549987792969,24.674999930641867,2.2164717125812174,1.5309601098964332,0.6855116026847843,2.4385717936924514,73.06044598008768
2025-06-27 04:00:00+00:00,36.64500045776367,37.65999984741211,34.83000183105469,35.380001068115234,75749300,0.0,0.0,30.637999725341796,28.96699991226196,25.005909035422587,2.437337052878352,1.712235498492817,0.7251015543855348,2.44500023978097,66.73575618032926
2025-06-30 04:00:00+00:00,36.53499984741211,37.95000076293945,35.41999816894531,35.77000045776367,18438400,0.0,0.0,31.673999786376953,29.41599988937378,25.281909040971236,2.6137148400018724,1.892531366794628,0.7211834732072444,2.3182144165039054,66.15709516695688
2025-07-01 04:00:00+00:00,37.01499938964844,38.2599983215332,33.880001068115234,34.33000183105469,26656500,0.0,0.0,32.452000045776366,29.802499961853027,25.549181816794654,2.607244955532096,2.0354740845421215,0.5717708709899743,2.431785583496093,69.95541545175945
2025-07-02 04:00:00+00:00,34.38999938964844,35.790000915527344,33.72999954223633,35.68000030517578,14865600,0.0,0.0,33.37800006866455,30.250500011444093,25.841000019420278,2.6801559504724786,2.164410457728193,0.5157454927442857,2.496785572596958,71.78011000311768
2025-07-03 04:00:00+00:00,35.790000915527344,36.209999084472656,35.25,35.65999984741211,7976000,0.0,0.0,34.15900001525879,30.688000011444093,26.141545486450195,2.7051413834905205,2.2725566428806587,0.43258474060986174,2.484642710004533,75.4956035914882
2025-07-07 04:00:00+00:00,36.97999954223633,39.060001373291016,35.275001525878906,38.880001068115234,35564100,0.0,0.0,35.043000030517575,31.30950002670288,26.465363693237304,2.9507552374098545,2.408196361786498,0.5425588756233566,2.66428552355085,83.03090766054612
2025-07-08 04:00:00+00:00,38.4900016784668,39.93999862670898,37.97999954223633,38.7400016784668,27769400,0.0,0.0,35.63900032043457,31.800500106811523,26.806545535000886,3.0983928612503675,2.5462356616792716,0.5521571995710959,2.720714024135044,81.43374219526336
2025-07-09 04:00:00+00:00,38.52999877929688,39.43000030517578,37.77000045776367,39.13999938964844,16267300,0.0,0.0,36.20700035095215,32.27550010681152,27.159272800792348,3.2106626932282225,2.6791210679890622,0.5315416252391603,2.7314282826014917,82.34995705553791
2025-07-10 04:00:00+00:00,39.16999816894531,39.68000030517578,38.130001068115234,39.09999847412109,13663800,0.0,0.0,36.88200035095215,32.87200002670288,27.53109096180309,3.2588436829325858,2.7950655909777673,0.46377809195481845,2.711071014404296,80.7881809912557
2025-07-11 04:00:00+00:00,38.970001220703125,40.29999923706055,38.59999847412109,39.02999877929688,16371500,0.0,0.0,37.17100028991699,33.455499935150144,27.894545468417082,3.2538704806017904,2.886826568902572,0.3670439116992186,2.6703567504882812,77.83282124251
2025-07-14 04:00:00+00:00,39.29999923706055,43.470001220703125,38.77000045776367,43.209999084472656,29196200,0.0,0.0,37.954000091552736,34.295999908447264,28.31127270785245,3.5463402697230038,3.018729309066658,0.5276109606563457,2.685356821332659,79.64753404384888
2025-07-15 04:00:00+00:00,43.290000915527344,45.47999954223633,42.82099914550781,44.59999847412109,29999700,0.0,0.0,38.83699989318848,35.255499839782715,28.724363604458894,3.84595227496402,3.1841739022461306,0.6617783727178894,2.7467140470232283,80.43716441599473
2025-07-16 04:00:00+00:00,45.54999923706055,48.06999969482422,44.86000061035156,47.68999862670898,26692300,0.0,0.0,40.17299957275391,36.312499809265134,29.184545412930575,4.28335824822296,3.404010771441497,0.8793474767814633,2.800285611833845,87.82052258732097
2025-07-17 04:00:00+00:00,48.70000076293945,53.43999862670898,48.59999847412109,51.33000183105469,46760200,0.0,0.0,41.737999725341794,37.55799989700317,29.705636353926224,4.867612662396738,3.6967311496325452,1.1708815127641925,2.8595711844308034,87.72976779424815
2025-07-18 04:00:00+00:00,50.650001525878906,51.84999847412109,47.90999984741211,51.38999938964844,32919600,0.0,0.0,43.31099967956543,38.73499984741211,30.232727258855647,5.2746766079489475,4.012320241295826,1.2623563666531217,2.938856942313058,91.19917965342599
2025-07-21 04:00:00+00:00,50.04999923706055,51.58000183105469,46.84999847412109,47.18999862670898,29305900,0.0,0.0,44.14199943542481,39.59249973297119,30.69454539905895,5.1984482809767485,4.24954584923201,0.9489024317447381,3.0931429181780135,74.56970572004386
2025-07-22 04:00:00+00:00,45.9900016784668,47.869998931884766,44.459999084472656,46.880001068115234,24381700,0.0,0.0,44.95599937438965,40.29749984741211,31.144727221402256,5.054754506954275,4.410587580776463,0.644166926177812,3.023857389177595,78.38082554477631
2025-07-23 04:00:00+00:00,47.619998931884766,49.27999877929688,46.93000030517578,49.150001525878906,18179900,0.0,0.0,45.95699958801269,41.081999969482425,31.620363616943358,5.065652532405508,4.541600571102272,0.5240519613032362,3.048142841884069,79.24446794329006
2025-07-24 04:00:00+00:00,49.29999923706055,49.619998931884766,47.310001373291016,48.130001068115234,12600600,0.0,0.0,46.85999984741211,41.871000099182126,32.08672728105025,4.935095079562444,4.620299472794307,0.3147956067681372,3.14457130432129,75.94673710813231
2025-07-25 04:00:00+00:00,47.900001525878906,48.22999954223633,46.45000076293945,47.43000030517578,14517900,0.0,0.0,47.7,42.435500144958496,32.542363634976475,4.720725560438808,4.6403846903232076,0.08034087011560054,3.001356942313059,69.87447676483853
2025-07-28 04:00:00+00:00,47.95500183105469,48.165000915527344,44.40999984741211,45.11000061035156,20928700,0.0,0.0,47.89000015258789,42.922000122070315,32.95727272033692,4.313903590479164,4.575088470354399,-0.261184879875235,3.129571369716101,63.44448987156756
2025-07-29 04:00:00+00:00,45.40999984741211,45.5099983215332,42.83000183105469,43.790000915527344,14706500,0.0,0.0,47.809000396728514,43.3230001449585,33.33345454822887,3.840708013396842,4.428212378962888,-0.5875043655660459,3.202428272792273,59.4473819799968
2025-07-30 04:00:00+00:00,43.86000061035156,46.560001373291016,43.36000061035156,46.43999862670898,16853400,0.0,0.0,47.684000396728514,43.92849998474121,33.804909064553,3.637597814427785,4.270089466055867,-0.6324916516280821,3.3202855246407665,63.48273484950515
2025-07-31 04:00:00+00:00,46.369998931884766,47.720001220703125,45.43000030517578,45.91999816894531,13041500,0.0,0.0,47.14300003051758,44.44049987792969,34.25327266346324,3.395530268013019,4.095177626447298,-0.6996473584342793,3.362428392682758,62.45030691288813
2025-08-01 04:00:00+00:00,43.19499969482422,46.16999816894531,42.31499862670898,44.810001373291016,16566300,0.0,0.0,46.48500022888184,44.897999954223636,34.67109087163752,3.078633952872181,3.891868891732275,-0.8132349388600937,3.3020711626325343,53.25203787840138
2025-08-04 04:00:00+00:00,45.09999847412109,45.79999923706055,44.06999969482422,44.540000915527344,11625100,0.0,0.0,46.220000457763675,45.18099994659424,35.04218181263317,2.7737307184203175,3.6682412570698837,-0.8945105386495662,3.2357139587402353,49.87223686219974
2025-08-05 04:00:00+00:00,45.119998931884766,45.380001068115234,43.130001068115234,44.75,10920400,0.0,0.0,46.00700035095215,45.4814998626709,35.39727273420854,2.5199890147658763,3.4385908086090824,-0.9186017938432061,3.1485710144042978,42.864079153137006
2025-08-06 04:00:00+00:00,44.709999084472656,45.09999847412109,43.66999816894531,44.09999847412109,8051600,0.0,0.0,45.50200004577637,45.72949981689453,35.73418180292303,2.2406187375902533,3.198996394405317,-0.9583776568150637,2.8399996076311393,29.47187325755344
2025-08-07 04:00:00+00:00,44.185001373291016,44.58000183105469,43.09999847412109,44.209999084472656,21522100,0.0,0.0,45.10999984741211,45.98499984741211,36.068909072875975,2.004979751596487,2.9601930658435514,-0.9552133142470645,2.66428565979004,29.671568748161235
2025-08-08 04:00:00+00:00,47.540000915527344,49.91999816894531,43.5,44.68999862670898,39170200,0.0,0.0,44.83599967956543,46.26799983978272,36.40872722972523,1.8358041021034452,2.73531527309553,-0.8995111709920849,2.7849995749337344,41.03299522806917
2025-08-11 04:00:00+00:00,44.650001525878906,46.09999847412109,41.505001068115234,45.02000045776367,24893500,0.0,0.0,44.82699966430664,46.358499908447264,36.76963632757013,1.708663165495274,2.5299848515754793,-0.8213216860802053,2.8696422576904306,43.338106259547
2025-08-12 04:00:00+00:00,45.369998931884766,47.27000045776367,43.41999816894531,43.43000030517578,20848000,0.0,0.0,44.79099960327149,46.3,37.089818156849255,1.462741756658552,2.3165362325920937,-0.8537944759335416,2.9732140132359097,28.463848846053963
2025-08-13 04:00:00+00:00,44.0,44.70000076293945,42.43999862670898,43.0,14523600,0.0,0.0,44.44699974060059,46.06550006866455,37.40945451909845,1.2190968478219375,2.0970483556380626,-0.8779515078161251,2.9696429116385326,29.787227646668214
2025-08-14 04:00:00+00:00,42.7599983215332,45.68999862670898,42.0099983215332,42.810001373291016,18472900,0.0,0.0,44.136000061035155,45.639500045776366,37.66490908536044,0.9991575348042474,1.8774701914712995,-0.878312656667052,3.1053573063441684,31.034481678642678
2025-08-15 04:00:00+00:00,42.97499847412109,44.880001068115234,41.75,44.27000045776367,14183100,0.0,0.0,44.081999969482425,45.28350009918213,37.94381817904386,0.9319211620012666,1.688360385577293,-0.7564392235760264,3.060714449201311,46.28975062587006
2025-08-18 04:00:00+00:00,44.29999923706055,47.08000183105469,44.02999877929688,44.970001220703125,21268900,0.0,0.0,44.125,45.17250022888184,38.26418183066628,0.9244634246607504,1.5355809933939848,-0.6111175687332344,3.087143489292689,55.51402169030354
2025-08-19 04:00:00+00:00,45.09999847412109,45.15999984741211,40.900001525878906,40.91999816894531,24104800,0.0,0.0,43.741999816894534,44.87450008392334,38.52109087163752,0.5850081058103029,1.3454664158772485,-0.7604583100669455,3.162857600620814,27.19008506773298
2025-08-20 04:00:00+00:00,40.209999084472656,40.86000061035156,38.2599983215332,40.68999862670898,20325000,0.0,0.0,43.40099983215332,44.451499938964844,38.777272657914594,0.29403878304754016,1.135180889311307,-0.8411421062637667,3.1892860957554396,27.857752184245015
2025-08-21 04:00:00+00:00,40.77999877929688,41.869998931884766,40.220001220703125,41.52999877929688,14951500,0.0,0.0,43.13299980163574,44.12149982452392,39.04654537547719,0.12972905478688546,0.9340905224064227,-0.8043614676195372,3.0317859649658194,35.78855611123184
2025-08-22 04:00:00+00:00,40.970001220703125,44.68399810791016,40.41899871826172,44.380001068115234,18818200,0.0,0.0,43.102000045776364,43.9689998626709,39.36418176130815,0.22686857785266312,0.7926461334956708,-0.5657775556430077,3.2128573826381137,49.43342856563938
2025-08-25 04:00:00+00:00,45.15999984741211,49.59000015258789,44.04999923706055,47.220001220703125,30133200,0.0,0.0,43.322000122070314,44.074499893188474,39.741818133267486,0.5269423636194404,0.7395053795204247,-0.21256301590098436,3.447857448032924,57.373134613886755
2025-08-26 04:00:00+00:00,47.72999954223633,50.91999816894531,47.0,48.130001068115234,47698000,0.0,0.0,43.792000198364256,44.29149990081787,40.09109087857333,0.8286304472631016,0.7573303930689601,0.07130005419414154,3.625714438302176,61.84597643769297
2025-08-27 04:00:00+00:00,48.68000030517578,48.7400016784668,45.81999969482422,46.25,16784700,0.0,0.0,44.11700019836426,44.28199996948242,40.39309088967063,0.905581077763749,0.7869805300079179,0.11860054775583107,3.7285714830671037,55.43131048822014
2025-08-28 04:00:00+00:00,46.880001068115234,47.97499847412109,45.34000015258789,47.90999984741211,16940200,0.0,0.0,44.62700004577637,44.38150005340576,40.770181794600056,1.0879716612513946,0.8471787562566133,0.24079290499478123,3.458214351109095,58.06613260922913
2025-08-29 04:00:00+00:00,47.84999847412109,48.79999923706055,46.02000045776367,48.59999847412109,15897800,0.0,0.0,45.0599998474121,44.57099990844726,41.15636357394132,1.2735143545902758,0.9324458759233458,0.34106847866693,3.328571592058453,58.8090487156656
2025-09-02 04:00:00+00:00,46.75,49.540000915527344,45.68000030517578,49.310001373291016,20305200,0.0,0.0,45.4939998626709,44.80949993133545,41.57290906039151,1.4610079854352591,1.0381582978257287,0.42284968760953046,3.3292857578822534,65.12345467036336
2025-09-03 04:00:00+00:00,50.27000045776367,50.900001525878906,43.512001037597656,43.52999877929688,33322300,0.0,0.0,45.75499992370605,44.74849987030029,41.90236358642578,1.1301722130956406,1.056561080879711,0.07361113221592963,3.6955713544573094,51.068976596632616
2025-09-04 04:00:00+00:00,44.15999984741211,44.58000183105469,42.70000076293945,42.9900016784668,17273100,0.0,0.0,45.98500022888184,44.69300003051758,42.201272721724074,0.8150142499360413,1.008251714690977,-0.19323746475493575,3.566999980381556,50.357995733731165
2025-09-05 04:00:00+00:00,43.56499862670898,45.9900016784668,42.38999938964844,45.84000015258789,17362000,0.0,0.0,46.41600036621094,44.77450008392334,42.55436363220215,0.7861580117786531,0.9638329741085123,-0.17767496232985924,3.6005714961460646,52.95891314656802
2025-09-08 04:00:00+00:00,45.5,48.20000076293945,45.48799896240234,47.72999954223633,18846400,0.0,0.0,46.751000213623044,44.926500129699704,42.915818162397905,0.9053599643990466,0.9521383721666192,-0.04677840776757258,3.5764285496303025,54.97835104648879
2025-09-09 04:00:00+00:00,47.0099983215332,47.52999877929688,45.512001037597656,47.02999877929688,13243700,0.0,0.0,46.73199996948243,45.02700004577637,43.22472721446644,0.9325937984466535,0.9482294574226262,-0.015635658975972744,3.4305714198521216,62.53590464040574
2025-09-10 04:00:00+00:00,47.52999877929688,48.11000061035156,45.59999847412109,46.16999816894531,11638500,0.0,0.0,46.53599967956543,45.16399993896484,43.46818174882369,0.8746989610662084,0.9335233581513427,-0.05882439708513432,3.4198572976248616,60.95999741210978
2025-09-11 04:00:00+00:00,46.31999969482422,49.665000915527344,46.05500030517578,48.43000030517578,22816300,0.0,0.0,46.75399971008301,45.43549995422363,43.74036358920011,0.9996567493584081,0.9467500363927558,0.0529067129656523,3.5598575047084275,63.05828919672773
2025-09-12 04:00:00+00:00,48.97999954223633,54.02999877929688,48.61100006103516,53.34000015258789,27889800,0.0,0.0,47.29699974060058,45.96199989318848,44.12199998335405,1.4778469502429061,1.0529694191627859,0.4248775310801203,3.65521458217076,65.7303336172032
2025-09-15 04:00:00+00:00,53.58000183105469,55.16999816894531,52.720001220703125,54.040000915527344,23957100,0.0,0.0,47.84099998474122,46.45049991607666,44.44745455655185,1.891496348546525,1.2206748050395337,0.6708215435069913,3.434500013078963,62.946087068352014
2025-09-16 04:00:00+00:00,52.0,52.08000183105469,47.0099983215332,47.244998931884766,42608100,0.0,0.0,47.63449974060059,46.56424980163574,44.663181790438564,1.6519736807326169,1.3069345801781505,0.3450391005544664,3.6566431862967366,48.62683945910267
2025-09-17 04:00:00+00:00,47.56499862670898,48.540000915527344,46.45000076293945,48.08000183105469,20731000,0.0,0.0,48.08950004577637,46.922249984741214,44.88699999722567,1.5120974778978677,1.347967159722094,0.16413031817577384,3.5973573412214015,52.934575634000566
2025-09-18 04:00:00+00:00,48.91999816894531,49.18999862670898,47.0,47.18000030517578,19434100,0.0,0.0,48.50849990844726,47.246750068664554,45.12063633311879,1.3134809866848798,1.3410699251146512,-0.027588938429771392,3.5655716487339575,48.80013262401555
2025-09-19 04:00:00+00:00,47.68000030517578,48.93000030517578,47.130001068115234,47.790000915527344,26870000,0.0,0.0,48.703499984741214,47.559750175476076,45.3408181623979,1.1915623486778486,1.3111684098272907,-0.11960606114944206,3.4955716814313624,48.665133076807415
2025-09-22 04:00:00+00:00,47.130001068115234,50.2599983215332,46.79999923706055,49.810001373291016,22995900,0.0,0.0,48.91150016784668,47.83125019073486,45.598090917413884,1.2436026277967613,1.297655253421185,-0.05405262562442359,3.467000143868584,50.78988918699363
2025-09-23 04:00:00+00:00,49.025001525878906,54.15800094604492,47.90999984741211,52.90999984741211,38064000,0.0,0.0,49.4995002746582,48.11575012207031,45.85318180431019,1.5174961421041786,1.3416234311577837,0.1758727109463949,3.3855716160365525,66.18916023082008
2025-09-24 04:00:00+00:00,51.79499816894531,52.47999954223633,48.43000030517578,48.68999862670898,30681600,0.0,0.0,49.75150032043457,48.14375,46.03409083973278,1.3781534004700973,1.3489294250202466,0.02922397544985067,3.5712857927594874,58.7289362173449
2025-09-25 04:00:00+00:00,48.0,48.619998931884766,45.209999084472656,46.630001068115234,22418500,0.0,0.0,49.57150039672852,48.16275005340576,46.17027268843217,1.0889459953650373,1.2969327390892047,-0.20798674372416737,3.562714168003628,51.23980023731098
2025-09-26 04:00:00+00:00,47.29999923706055,47.68999862670898,45.83000183105469,46.2599983215332,14907100,0.0,0.0,48.86350021362305,48.08024997711182,46.30045450383967,0.8204334674742952,1.2016328847662228,-0.3811994172919275,3.5018566676548537,47.577454418534245
2025-09-29 04:00:00+00:00,47.400001525878906,48.09999847412109,46.369998931884766,47.0099983215332,16145400,0.0,0.0,48.16049995422363,48.00074996948242,46.4455454046076,0.6605397949960903,1.0934142668121962,-0.43287447181610594,3.4748567853655126,49.967093697542424
2025-09-30 04:00:00+00:00,47.209999084472656,47.9900016784668,46.5099983215332,47.90999984741211,14856100,0.0,0.0,48.227000045776364,47.93074989318848,46.53099996393377,0.5995344491645156,0.9946383032826601,-0.3951038541181445,3.401285443987164,52.85902235727641
2025-10-01 04:00:00+00:00,47.380001068115234,49.41999816894531,47.119998931884766,47.970001220703125,25640200,0.0,0.0,48.21599998474121,48.15275001525879,46.592272741144356,0.5496923709645358,0.9056491168190353,-0.35595674585449943,3.3077139173235204,49.18526584227078
2025-10-02 04:00:00+00:00,48.63999938964844,52.650001525878906,48.5099983215332,52.470001220703125,35212900,0.0,0.0,48.74500007629395,48.626749992370605,46.679181879216976,0.8633523681472894,0.8971897670846861,-0.03383739893739668,3.241999762398854,48.43637925315607
2025-10-03 04:00:00+00:00,52.04999923706055,56.93899917602539,51.2599983215332,56.15999984741211,37741900,0.0,0.0,49.581999969482425,49.14274997711182,46.76700002496893,1.3936174715675733,0.9964753079812636,0.3971421635863097,3.472642898559568,53.44043867643787
2025-10-06 04:00:00+00:00,56.8650016784668,59.2599983215332,55.79999923706055,58.5,31020500,0.0,0.0,50.45099983215332,49.68125,46.896272763338956,1.9798523371708967,1.1931507138191904,0.7867016233517063,3.217642647879462,71.35268071607732
2025-10-07 04:00:00+00:00,59.0099983215332,62.560001373291016,57.02000045776367,61.5099983215332,36545600,0.0,0.0,51.31099967956543,50.405249977111815,47.15663639415394,2.6567045642226503,1.4858614838998825,1.1708430803227678,3.4640712738037087,73.53661982019179
2025-10-08 04:00:00+00:00,64.1500015258789,68.53399658203125,63.650001525878906,65.30999755859375,36149900,0.0,0.0,52.972999572753906,51.36224994659424,47.49172723943537,3.4598598998922654,1.8806611670983593,1.579198732793906,3.8093569619315,78.84186617464395
2025-10-09 04:00:00+00:00,64.9000015258789,68.54000091552734,64.41999816894531,66.41999816894531,25844500,0.0,0.0,54.951999282836915,52.261749839782716,47.80572717840021,4.138231110147018,2.332175155708091,1.8060559544389267,3.975071498325892,79.17318677632159
2025-10-10 04:00:00+00:00,70.80000305175781,73.5,64.13999938964844,64.26000213623047,40876800,0.0,0.0,56.75199966430664,52.80774993896485,48.09899992509322,4.450251820869113,2.7557904887402955,1.6944613321288173,4.396500178745813,72.52884723925672
2025-10-13 04:00:00+00:00,67.87999725341797,70.44000244140625,64.62200164794922,65.41999816894531,26180300,0.0,0.0,58.592999649047854,53.37674980163574,48.42609079534357,4.73653266725406,3.1519389244430487,1.5845937428110117,4.391642979213168,70.76004156286396
2025-10-14 04:00:00+00:00,65.33999633789062,69.66999816894531,62.18999862670898,68.02999877929688,27623500,0.0,0.0,60.60499954223633,54.415999794006346,48.842818034778944,5.115054374310148,3.544562014416469,1.570492359893679,4.605928693498883,83.90603964905313
2025-10-15 04:00:00+00:00,70.0199966430664,73.97000122070312,67.08000183105469,69.2699966430664,26290800,0.0,0.0,62.734999084472655,55.47549953460693,49.30609068437056,5.45224295587348,3.9260982027078715,1.5261447531656085,4.849500111171176,90.86642813556143
2025-10-16 04:00:00+00:00,70.06999969482422,72.25,66.42500305175781,67.0,23835200,0.0,0.0,64.18799896240235,56.46649951934815,49.67990889115767,5.473205867840889,4.235519735734475,1.2376861321064139,5.132714407784598,85.03380196995693
2025-10-17 04:00:00+00:00,65.88999938964844,68.5,63.70000076293945,66.2699966430664,16892900,0.0,0.0,65.19899864196778,57.3904993057251,50.049908863414416,5.369023199252673,4.4622204284381155,0.9068027708145578,5.344142913818359,82.55578867601977
2025-10-20 04:00:00+00:00,69.13500213623047,72.18000030517578,66.67500305175781,67.3499984741211,25835200,0.0,0.0,66.08399848937988,58.267499160766604,50.459726992520416,5.312367144012676,4.6322497715530275,0.6801173724596481,5.6605715070452005,82.6612982305875
2025-10-21 04:00:00+00:00,68.04000091552734,68.04000091552734,64.86000061035156,65.4000015258789,17508200,0.0,0.0,66.47299880981446,58.89199924468994,50.83899973089045,5.051883388121411,4.716176494866704,0.3357068932547067,5.723428726196289,77.53555745346368
2025-10-22 04:00:00+00:00,62.970001220703125,64.0199966430664,58.40999984741211,60.56499862670898,22149400,0.0,0.0,65.99849891662598,59.48574924468994,51.126545160466975,4.40453111575863,4.653847419045089,-0.24931630328645937,5.888428824288504,62.654369466763924
2025-10-23 04:00:00+00:00,61.560001373291016,64.69999694824219,60.75,63.56999969482422,13226400,0.0,0.0,65.71349906921387,60.33274917602539,51.48054518266158,4.086867385115966,4.540451412259265,-0.4535840271432994,5.778142929077149,61.83706363294558
2025-10-24 04:00:00+00:00,64.80999755859375,66.18000030517578,63.650001525878906,64.55999755859375,12041200,0.0,0.0,65.74349861145019,61.247749137878415,51.85054515491832,3.870385746136904,4.406438279034793,-0.5360525328978891,5.717428752354214,60.11686096792723
2025-10-27 04:00:00+00:00,66.19000244140625,66.3499984741211,64.1500015258789,65.62000274658203,19183300,0.0,0.0,65.76349906921386,62.17824935913086,52.231090684370564,3.7412294827747417,4.273396519782783,-0.5321670370080414,5.478857040405274,57.339294616058154
2025-10-28 04:00:00+00:00,65.67500305175781,66.54000091552734,63.61000061035156,63.75,11772900,0.0,0.0,65.33549919128419,62.97024936676026,52.57163613059304,3.4482295760511263,4.108363131036452,-0.6601335549853253,5.186428615025113,47.008059883285185
2025-10-29 04:00:00+00:00,64.1449966430664,67.38999938964844,63.47999954223633,66.16000366210938,17907200,0.0,0.0,65.02449989318848,63.87974948883057,52.98490891890092,3.371626185412552,3.9610157419116723,-0.5893895564991203,5.171428407941547,49.52503748493704
2025-10-30 04:00:00+00:00,65.0,65.18000030517578,60.88999938964844,60.91999816894531,12479000,0.0,0.0,64.416499710083,64.30224933624268,53.3107270674272,2.855180057276229,3.739848604984584,-0.8846685477083551,4.879285812377931,44.515595027390646
2025-10-31 04:00:00+00:00,61.77000045776367,63.45000076293945,60.400001525878906,62.97999954223633,13830100,0.0,0.0,64.0875,64.64324932098388,53.67745430686257,2.5823499518219677,3.5083488743520608,-0.9259989225300931,4.655714307512556,46.10845731903713
2025-11-03 05:00:00+00:00,63.02999877929688,63.09999847412109,59.130001068115234,61.34000015258789,11463500,0.0,0.0,63.48650016784668,64.78524932861328,53.987817937677555,2.2083395195787645,3.2483470033974013,-1.0400074838186368,4.404999869210379,38.989474931940094
2025-11-04 05:00:00+00:00,57.79999923706055,59.4900016784668,56.5099983215332,56.56999969482422,13725500,0.0,0.0,62.60349998474121,64.53824939727784,54.1987270008434,1.509632283787937,2.9006040594755085,-1.3909717756875715,4.257857186453683,31.273975432058393
2025-11-05 05:00:00+00:00,56.65999984741211,57.27999877929688,54.869998931884766,56.41999816894531,13254300,0.0,0.0,62.18899993896484,64.09374942779542,54.48054518266158,0.9330423644083439,2.5070917204620753,-1.5740493560537314,4.013928822108679,33.35955660747311
2025-11-06 05:00:00+00:00,56.209999084472656,56.209999084472656,49.40999984741211,49.61000061035156,21053100,0.0,0.0,60.793000030517575,63.25324954986572,54.642727036909626,-0.07258250433138613,1.9911568755033828,-2.063739379834769,4.171785899571011,28.003712553883716
2025-11-07 05:00:00+00:00,47.65700149536133,52.09999847412109,46.31100082397461,51.63999938964844,25058800,0.0,0.0,59.501000213623044,62.62224941253662,54.82654522982511,-0.6977008606441757,1.4533853282738711,-2.151086188918047,4.163142613002232,29.76559372369536
2025-11-10 05:00:00+00:00,53.7400016784668,54.5,50.7599983215332,51.900001525878906,22929800,0.0,0.0,58.12900009155273,61.9462495803833,54.963272510875356,-1.1587740365102448,0.930953455317048,-2.0897274918272926,4.203142711094448,31.820640079758277
2025-11-11 05:00:00+00:00,56.0,56.959999084472656,51.209999084472656,51.2400016784668,33240100,0.0,0.0,56.878000259399414,61.1067497253418,55.03636342828924,-1.55945786256342,0.4328711917409544,-1.9923290543043743,4.114571162632534,35.85193125098394
2025-11-12 05:00:00+00:00,51.93000030517578,55.33000183105469,49.65999984741211,49.970001220703125,21987100,0.0,0.0,55.25900001525879,60.141749954223634,55.06981797651811,-1.9569229153604297,-0.045087629679322394,-1.9118352856811074,4.224214281354631,28.21910426752231
2025-11-13 05:00:00+00:00,48.7599983215332,49.380001068115234,44.369998931884766,45.25,26517100,0.0,0.0,53.692000198364255,59.054249954223636,55.051636158336294,-2.622550357062501,-0.560580175155958,-2.061970181906543,4.437785829816545,22.374840344913935
2025-11-14 05:00:00+00:00,43.709999084472656,47.220001220703125,43.29999923706055,45.540000915527344,21107100,0.0,0.0,51.94800033569336,58.01775016784668,55.008545268665664,-3.0910327485298836,-1.0666706898307432,-2.0243620586991407,4.560643332345144,20.6261078297686
2025-11-17 05:00:00+00:00,45.150001525878906,45.68199920654297,42.22499847412109,43.310001373291016,17583500,0.0,0.0,50.14500045776367,56.81575031280518,54.912363503196026,-3.600743614176693,-1.5734852746999333,-2.02725833947676,4.598286220005581,20.41113012077919
2025-11-18 05:00:00+00:00,42.220001220703125,43.61000061035156,41.22999954223633,42.77999877929688,16982000,0.0,0.0,48.76600036621094,55.684750175476076,54.79363618330522,-4.001335027931674,-2.0590552253462815,-1.9422798025853925,4.489000592912946,14.206985915993073
2025-11-19 05:00:00+00:00,42.5,44.52999877929688,42.43000030517578,43.619998931884766,15304000,0.0,0.0,47.48600044250488,54.837500190734865,54.79527254971591,-4.202580880918674,-2.48776035646076,-1.714820524457914,4.262571607317243,19.391373683534866
2025-11-20 05:00:00+00:00,46.08000183105469,46.2599983215332,39.31999969482422,39.47999954223633,25029300,0.0,0.0,46.47300033569336,53.633000183105466,54.73145432905717,-4.6426158352146984,-2.918731452211548,-1.7238843830031505,4.540428706577846,11.27225292168805
2025-11-21 05:00:00+00:00,39.83000183105469,41.04499816894531,37.56999969482422,40.29999923706055,18870000,0.0,0.0,45.33900032043457,52.42000026702881,54.63072703968395,-4.869052181754505,-3.3087955981201396,-1.5602565836343651,4.505071640014649,14.363147238505888
2025-11-24 05:00:00+00:00,40.7599983215332,42.52999877929688,39.29999923706055,42.45000076293945,20281000,0.0,0.0,44.39400024414063,51.26150016784668,54.53472706187855,-4.8194617083836135,-3.610928820172835,-1.2085328882107786,4.390785762241911,23.75465403609779
2025-11-25 05:00:00+00:00,42.02999877929688,42.80500030517578,40.380001068115234,42.59999847412109,10568800,0.0,0.0,43.52999992370606,50.204000091552736,54.45418160178445,-4.713720503473027,-3.8314871568328734,-0.8822333466401537,4.391857147216798,24.312269682347733
2025-11-26 05:00:00+00:00,43.2400016784668,43.59000015258789,41.380001068115234,41.93000030517578,10906100,0.0,0.0,42.72599983215332,48.992499923706056,54.37709073153409,-4.630604364915094,-3.9913105984493176,-0.6392937664657761,4.04900005885533,31.502891341777342
2025-11-28 05:00:00+00:00,42.5099983215332,42.70000076293945,41.79999923706055,42.13999938964844,5636800,0.0,0.0,42.41499977111816,48.05349998474121,54.262727078524506,-4.495962399307324,-4.092240958620919,-0.4037214406864047,3.6997860499790756,24.92080576708031
2025-12-01 05:00:00+00:00,41.150001525878906,41.29999923706055,39.97999954223633,40.369998931884766,13260600,0.0,0.0,41.8979995727539,46.922999954223634,54.02690887451172,-4.480434258788854,-4.169879618654506,-0.31055464013434797,3.586928776332312,21.80928566298779
2025-12-02 05:00:00+00:00,40.560001373291016,42.9900016784668,40.41999816894531,41.900001525878906,13390800,0.0,0.0,41.7569995880127,45.95100002288818,53.806181612881744,-4.2951577678784005,-4.194935248499285,-0.1002225193791153,3.3633575439453147,28.09568805085638
2025-12-03 05:00:00+00:00,41.89500045776367,44.7400016784668,41.5,44.720001220703125,14385200,0.0,0.0,41.95099983215332,45.35850009918213,53.760272563587534,-3.8760932165195214,-4.131166842103332,0.25507362558381086,3.189786093575616,38.52208270769747
2025-12-04 05:00:00+00:00,45.64500045776367,49.68000030517578,44.81999969482422,49.369998931884766,28366600,0.0,0.0,42.52599983215332,45.0060001373291,53.7837270563299,-3.1326542979928647,-3.931464333281239,0.7988100352883745,3.1440715789794944,59.035085679274644
2025-12-05 05:00:00+00:00,48.875,49.70000076293945,47.70000076293945,49.05500030517578,14633100,0.0,0.0,43.483499908447264,44.978250122070314,53.81781796542081,-2.5396162403320304,-3.6530947146913975,1.113478474359367,3.0069285801478816,57.69989016344456
2025-12-08 05:00:00+00:00,50.08000183105469,52.369998931884766,49.220001220703125,51.560001373291016,21748500,0.0,0.0,44.609500122070315,44.97425022125244,53.88636342828924,-1.8462146428241013,-3.2917187003179387,1.4455040574938374,2.9967855725969597,67.85714403670303
2025-12-09 05:00:00+00:00,51.22999954223633,53.75,50.34000015258789,53.43000030517578,17526200,0.0,0.0,45.70750007629395,45.050750160217284,53.95218159068715,-1.1327380958760926,-2.8599225794295697,1.727184483553477,3.0703569139753077,71.78806011989141
2025-12-10 05:00:00+00:00,53.43999862670898,58.83000183105469,52.25,57.52000045776367,38839900,0.0,0.0,47.199500274658206,45.36475009918213,54.03599978360263,-0.23456998457505307,-2.3348520604586662,2.100282075883613,3.390357153756279,75.09932128959662
2025-12-11 05:00:00+00:00,57.5099983215332,64.1500015258789,56.84999847412109,63.52999877929688,31378800,0.0,0.0,49.359500122070315,46.04274997711182,54.305817968195136,0.9512262078722955,-1.677636406792474,2.6288626146647696,3.416071755545481,90.67998025545316
2025-12-12 05:00:00+00:00,62.5,65.18000030517578,59.79999923706055,61.4900016784668,33545300,0.0,0.0,51.29450035095215,46.854750061035155,54.57599979747425,1.7066938126252538,-1.0007703629089286,2.7074641755341826,3.5521433694022053,84.421716267247
2025-12-15 05:00:00+00:00,63.05199813842773,64.55999755859375,55.08000183105469,55.40999984741211,32932200,0.0,0.0,52.79850044250488,47.348250007629396,54.74236346158114,1.7941204929301833,-0.4417921917411063,2.2359126846712893,3.9985716683523997,68.66897475507241
2025-12-16 05:00:00+00:00,54.18999862670898,56.72999954223633,52.68000030517578,55.4900016784668,22447400,0.0,0.0,54.157500457763675,47.95725002288818,54.89654534079812,1.848553274644324,0.01627690153597977,1.8322763731083442,4.114643096923828,68.60566520058494
2025-12-17 05:00:00+00:00,56.09999847412109,56.90999984741211,53.084999084472656,53.959999084472656,23761100,0.0,0.0,55.08150024414063,48.51625003814697,55.00654532692649,1.7480824177810206,0.3626380047849879,1.3854444129960326,4.230000359671457,66.9436602525308
2025-12-18 05:00:00+00:00,56.20000076293945,60.25,56.02999877929688,59.91999816894531,27939400,0.0,0.0,56.13650016784668,49.33125,55.22381799871271,2.1248862897374323,0.7150876617754769,1.4097986279619554,4.615000316074917,71.551513671875
2025-12-19 05:00:00+00:00,61.119998931884766,70.55999755859375,60.74700164794922,70.5199966430664,52764800,0.0,0.0,58.28299980163574,50.883249855041505,55.55199973366477,3.2414716940236232,1.2203644682251062,2.021107225798517,5.220714569091797,80.10183596785873
2025-12-22 05:00:00+00:00,72.94000244140625,78.44999694824219,72.75199890136719,77.55000305175781,48279600,0.0,0.0,60.88199996948242,52.74575004577637,55.9409088828347,4.640147702131792,1.9043211150064434,2.735826587125348,5.600000108991351,82.07088912505205
2025-12-23 05:00:00+00:00,73.80999755859375,79.18000030517578,73.29000091552734,77.18000030517578,35673300,0.0,0.0,63.25699996948242,54.48225002288818,56.28054525201971,5.653581418704221,2.654173175745999,2.9994082429582214,5.789285659790039,80.54770948738744
2025-12-24 05:00:00+00:00,78.03500366210938,79.83000183105469,74.8010025024414,77.18000030517578,16720600,0.0,0.0,65.22299995422364,56.211250114440915,56.56545437899503,6.383153915520751,3.3999693237009496,2.9831845918198012,5.794214248657227,78.6819278665089
2025-12-26 05:00:00+00:00,76.68000030517578,76.98999786376953,70.38999938964844,70.6500015258789,23157800,0.0,0.0,65.93500022888183,57.647250175476074,56.662545360218395,6.361102220769041,3.992195903114568,2.368906317654473,6.136357171194894,69.74129109508404
2025-12-29 05:00:00+00:00,69.5,72.73999786376953,69.3219985961914,70.12000274658203,18294100,0.0,0.0,66.79800033569336,59.046250343322754,56.72981817072088,6.2290549536462265,4.4395677132208995,1.789487240425327,6.143714359828404,67.60242754228528
2025-12-30 05:00:00+00:00,73.0250015258789,74.69000244140625,70.44000244140625,70.44999694824219,30151700,0.0,0.0,68.30200004577637,60.55025024414063,56.842363530939274,6.080937060122366,4.767841582601193,1.3130954775211734,6.2265714917864114,66.62758552323142
2025-12-31 05:00:00+00:00,71.5,73.19599914550781,69.12999725341797,69.76000213623047,17594200,0.0,0.0,69.72900009155273,61.943250274658205,56.921272693980825,5.840549528225274,4.98238317172601,0.8581663564992645,6.047000067574637,62.808709678114724
2026-01-02 05:00:00+00:00,70.62999725341797,76.23999786376953,66.8499984741211,75.98999786376953,31517600,0.0,0.0,71.93199996948242,63.50675010681152,57.06599995006214,6.0826324655087305,5.202433030482554,0.8801994350261761,6.19628552028111,62.979167775975505
2026-01-05 05:00:00+00:00,74.62000274658203,78.25,71.30999755859375,78.13999938964844,33498600,0.0,0.0,73.75400009155274,64.9452501296997,57.22727272727273,6.3744909288008245,5.436844610146209,0.9376463186546156,6.307714189801898,67.30409355658657
2026-01-06 05:00:00+00:00,77.76000213623047,86.25,74.05000305175781,86.02999877929688,43669700,0.0,0.0,75.30500030517578,66.79400005340577,57.573272705078125,7.1599128564369465,5.781458259404356,1.37845459703259,6.501999991280692,80.6690729115428
2026-01-07 05:00:00+00:00,84.0999984741211,85.95999908447266,81.8499984741211,84.08000183105469,28603500,0.0,0.0,75.95800018310547,68.42000007629395,57.897090981223364,7.53812215593382,6.132791038710249,1.4053311172235707,6.511285781860352,77.60185939828828
2026-01-08 05:00:00+00:00,85.5,89.87000274658203,82.26000213623047,83.08000183105469,29874200,0.0,0.0,76.54800033569336,69.90250015258789,58.183091042258525,7.668763377409348,6.4399855064500695,1.228777870959279,6.781642913818359,78.40422376248912
2026-01-09 05:00:00+00:00,84.5250015258789,88.43000030517578,82.44999694824219,84.8499984741211,23780400,0.0,0.0,77.31500015258788,71.26900005340576,58.536727350408384,7.82492060932384,6.716972527024824,1.107948082299016,6.759500231061663,76.48184464459928
2026-01-12 05:00:00+00:00,84.9800033569336,88.83999633789062,83.41899871826172,87.9000015258789,22125000,0.0,0.0,79.0400001525879,72.48750019073486,59.03372740312056,8.10139822125663,6.993857665871186,1.1075405553854445,6.386714390345982,71.98887868718779
2026-01-13 05:00:00+00:00,89.13999938964844,89.72899627685547,85.6500015258789,86.58000183105469,21759500,0.0,0.0,80.68600006103516,73.74200019836425,59.45209107832475,8.120388987471472,7.219163930191243,0.9012250572802287,6.111642565046038,63.35404245294301
2026-01-14 05:00:00+00:00,86.3499984741211,92.19000244140624,84.5,91.8000030517578,28346000,0.0,0.0,82.82100067138671,75.56150035858154,59.94736390547319,8.45913810125748,7.467158764404491,0.9919793368529888,6.240214211600167,68.90844544398026
2026-01-15 05:00:00+00:00,89.26499938964844,92.45899963378906,86.6500015258789,90.76000213623048,24810300,0.0,0.0,84.92100067138672,77.32500038146972,60.4044548034668,8.545176358383856,7.682762283200364,0.8624140751834917,6.2959284101213715,67.10328475373383
2026-01-16 05:00:00+00:00,92.5250015258789,99.58000183105467,92.4000015258789,96.3000030517578,36105300,0.0,0.0,86.95200119018554,79.44200057983399,60.996273040771484,8.95714171710459,7.937638169981209,1.0195035471233815,6.440928322928289,83.13098972268297
2026-01-20 05:00:00+00:00,93.6999969482422,98.2699966430664,88.30000305175781,89.16000366210938,29300900,0.0,0.0,88.05400161743164,80.90400085449218,61.414454858953306,8.608258309325763,8.07176219785012,0.5364961114756426,6.908927917480466,71.00618651182518
2026-01-21 05:00:00+00:00,90.0199966430664,91.25,82.70999908447266,87.81999969482422,30538700,0.0,0.0,88.23300170898438,81.76900100708008,61.903545795787466,8.129921894908477,8.083394137261791,0.04652775764668604,7.192499433244975,68.74595825651932
2026-01-22 05:00:00+00:00,86.37999725341797,89.4000015258789,81.35099792480469,87.9800033569336,30063000,0.0,0.0,88.62300186157226,82.29050102233887,62.35809131969105,7.6752720401924535,8.001769717847925,-0.3264976776554711,7.476999555315287,69.89082970159744
2026-01-23 05:00:00+00:00,89.05500030517578,94.4499969482422,86.12000274658203,88.9000015258789,24381000,0.0,0.0,89.20500183105469,82.87650108337402,62.85918225375089,7.304987568747421,7.862413288027825,-0.5574257192804035,7.4012848990304105,65.94221031198552
2026-01-26 05:00:00+00:00,86.74500274658203,87.16000366210938,80.01000213623047,80.4800033569336,21659900,0.0,0.0,88.76800231933593,83.04150123596192,63.29390959306197,6.2599501651780685,7.541920663457874,-1.2819704982798052,7.540570395333424,52.50214270785082
2026-01-27 05:00:00+00:00,82.88999938964844,87.0,82.0,87.0,17676500,0.0,0.0,88.67800216674804,83.85900115966797,63.84990962635387,5.889963895558623,7.211529309878024,-1.3215654143194016,7.134856087820869,51.06851865360934
2026-01-28 05:00:00+00:00,87.22000122070312,89.80000305175781,86.02799987792969,88.56999969482422,16263000,0.0,0.0,88.877001953125,84.78150100708008,64.55827324607155,5.658208658315019,6.9008651795654234,-1.2426565212504048,7.10571343558175,54.98777788343555
2026-01-29 05:00:00+00:00,87.94000244140625,89.0,83.0,85.68000030517578,15857300,0.0,0.0,88.2650016784668,85.54300117492676,65.17718235362659,5.181611770037506,6.557014497659841,-1.375402727622335,6.99071339198521,52.77185329374291
2026-01-30 05:00:00+00:00,85.0,89.31999969482422,78.0199966430664,80.06999969482422,22707000,0.0,0.0,87.19600143432618,86.05850105285644,65.68936413851651,4.301638526600712,6.105939303448015,-1.8043007768473034,7.37071337018694,45.289713971413676
2026-02-02 05:00:00+00:00,79.16000366210938,80.69999694824219,73.87899780273438,74.1500015258789,18337000,0.0,0.0,84.98100128173829,85.96650123596191,66.10590959028764,3.090928712407006,5.502937185239814,-2.4120084728328077,7.470713479178291,37.17590016465601
2026-02-03 05:00:00+00:00,78.5999984741211,81.31999969482422,75.7699966430664,81.2699966430664,19000600,0.0,0.0,84.19200057983399,86.12300109863281,66.67500041614879,2.6751194518040364,4.937373638552659,-2.2622541867486223,7.691499437604629,45.53105071319625
2026-02-04 05:00:00+00:00,81.3499984741211,81.3499984741211,68.56300354003906,73.11000061035156,26237400,0.0,0.0,82.72100067138672,85.47700119018555,67.18154588179155,1.6679174193566126,4.28348239471345,-2.615564975356837,8.055570329938615,35.01202471067643
2026-02-05 05:00:00+00:00,69.9800033569336,72.98999786376953,65.19999694824219,66.31999969482422,22675400,0.0,0.0,80.55500030517578,84.58900108337403,67.55936404141512,0.3181389172619191,3.4904136992231436,-3.1722747819612245,8.205642155238559,32.05579608877521
2026-02-06 05:00:00+00:00,69.0,72.66000366210938,67.0,72.31999969482422,20049600,0.0,0.0,78.89700012207031,84.0510009765625,68.0868185563521,-0.26437288827965233,2.7394563817225848,-3.003829270002237,8.028499603271486,32.511663594395685
2026-02-09 05:00:00+00:00,72.0250015258789,76.80000305175781,70.75,75.83999633789062,16394400,0.0,0.0,78.43299942016601,83.60050086975097,68.6879094210538,-0.4369465320544492,2.104175798967178,-2.541122331021627,7.7485002790178585,39.7443717637627
2026-02-10 05:00:00+00:00,74.59500122070312,75.86000061035156,71.55000305175781,72.02999877929688,13195600,0.0,0.0,76.93599929809571,82.80700073242187,69.20445487282493,-0.8711057843350005,1.5091194823067422,-2.3802252666417427,7.44635718209403,38.28808380135681
2026-02-11 05:00:00+00:00,73.12999725341797,73.4000015258789,67.0199966430664,69.62000274658203,17563100,0.0,0.0,75.04099960327149,81.95900077819825,69.75245493108577,-1.3935823089954766,0.9285791240462984,-2.3221614330417752,7.327142987932478,36.82169990773752
2026-02-12 05:00:00+00:00,67.52999877929688,68.44999694824219,63.869998931884766,66.01000213623047,18313700,0.0,0.0,73.07399978637696,80.66950073242188,70.21990952925249,-2.0750259902931703,0.3278581011784047,-2.402884091471575,7.142857960292271,34.18105935470591
2026-02-13 05:00:00+00:00,66.69499969482422,69.5999984741211,65.5,67.44000244140625,14737900,0.0,0.0,71.81100006103516,79.50350074768066,70.6742731961337,-2.47119949414153,-0.2319534178855822,-2.239246076255948,6.800715037754604,40.02447570365022
2026-02-17 05:00:00+00:00,66.08399963378906,70.98999786376953,65.0,69.88999938964844,12059200,0.0,0.0,71.3849998474121,78.1830005645752,71.17045503096146,-2.5579886708679,-0.6971604684820458,-1.860828202385854,6.762857982090542,36.04176313889511
2026-02-18 05:00:00+00:00,71.0,75.76499938964844,69.98899841308594,74.41999816894531,19118400,0.0,0.0,70.7,77.446000289917,71.76118226484819,-2.2354675970672133,-1.0048218941990794,-1.230645702868134,6.913072041102818,38.988321738034884
2026-02-19 05:00:00+00:00,72.9000015258789,77.11000061035156,72.3499984741211,76.58000183105469,14693400,0.0,0.0,71.04700012207032,76.88400039672851,72.38736412741922,-1.7849967474304123,-1.160856864845346,-0.6241398825850664,6.82450076511928,42.83690086504532
2026-02-20 05:00:00+00:00,75.48200225830078,78.19999694824219,69.4000015258789,70.86000061035156,18253500,0.0,0.0,71.50100021362304,76.02800025939942,72.94172779430042,-1.8680182959769809,-1.302289151071673,-0.5657291449053079,6.645928791591099,42.7628463848614
2026-02-23 05:00:00+00:00,68.75499725341797,71.25,68.5,70.20999908447266,13795700,0.0,0.0,71.2900001525879,75.0935001373291,73.4564550226385,-1.9636276845553482,-1.434556857768408,-0.5290708267869402,6.355143138340542,46.6243973352019
2026-02-24 05:00:00+00:00,68.87999725341797,70.05500030517578,66.5999984741211,69.97000122070312,12858300,0.0,0.0,70.70300064086913,74.56800003051758,73.9155459317294,-2.0353029304424695,-1.5547060723032204,-0.480596858139249,6.100857598440988,39.02486593351548
2026-02-25 05:00:00+00:00,71.09500122070312,71.8499984741211,68.87999725341797,70.19999694824219,11793700,0.0,0.0,70.52000045776367,73.72799987792969,74.29427316839045,-2.04991717695556,-1.6537482932336884,-0.39616888372187176,5.399643761771066,46.6590074881959
2026-02-26 05:00:00+00:00,70.04499816894531,72.73999786376953,68.80999755859375,72.6500015258789,18411600,0.0,0.0,70.82300033569337,72.93199996948242,74.72327319058505,-1.8425642450736603,-1.691511483601683,-0.15105276147197744,5.11535780770438,58.071924522486576
2026-02-27 05:00:00+00:00,67.58999633789062,69.58999633789062,64.0999984741211,69.0999984741211,25729800,0.0,0.0,71.13199996948242,72.10299987792969,75.04218222878195,-1.942301487812685,-1.7416694844438836,-0.20063200336880138,5.2732148851667136,45.62023707579128
2026-03-02 05:00:00+00:00,66.68000030517578,72.0999984741211,66.44999694824219,70.97000122070312,18845500,0.0,0.0,71.48499984741211,71.64799995422364,75.361091336337,-1.8491347040453974,-1.7631625283641865,-0.08597217568121085,5.244643347603934,43.06466101890117
2026-03-03 05:00:00+00:00,68.8550033569336,73.25,66.19000244140625,70.12999725341797,17405200,0.0,0.0,71.50899963378906,71.44699974060059,75.5903640053489,-1.8220768884664835,-1.774945400384646,-0.047131488081837425,5.441071919032505,47.044179976760496
2026-03-04 05:00:00+00:00,70.80999755859375,74.0999984741211,69.47000122070312,71.91000366210938,17073000,0.0,0.0,71.25800018310547,70.97900009155273,75.74272773049094,-1.6381185229923148,-1.74758002490618,0.10946150191386517,5.3160713740757535,53.63376650482158
2026-03-05 05:00:00+00:00,70.91999816894531,72.30999755859375,67.33999633789062,70.0,14528800,0.0,0.0,70.6,70.82350006103516,75.89745497270064,-1.6276885456182413,-1.7236017290485923,0.09591318343035105,5.260356903076172,56.69237693226889
2026-03-06 05:00:00+00:00,68.13500213623047,75.11000061035156,68.13500213623047,70.11000061035156,22272800,0.0,0.0,70.525,71.01300010681152,76.164727713845,-1.5921927762445023,-1.6973199384877744,0.10512716224327212,5.465714045933315,54.685848059205554
2026-03-09 04:00:00+00:00,69.38999938964844,72.125,67.81999969482422,71.4800033569336,18434200,0.0,0.0,70.6520004272461,70.97100028991699,76.45545501708985,-1.4369500851132955,-1.6452459678128788,0.20829588269958332,5.3453570774623325,52.90040574088419
2026-03-10 04:00:00+00:00,70.33999633789062,72.93499755859375,68.62100219726562,68.93000030517578,18248800,0.0,0.0,70.54800033569336,70.62550048828125,76.72763685746627,-1.502364743368787,-1.6166697229240605,0.11430497955527352,5.233856746128628,39.20567988683429
2026-03-11 04:00:00+00:00,68.80000305175781,73.30000305175781,68.33000183105469,71.95999908447266,18140600,0.0,0.0,70.7240005493164,70.62200050354004,76.9465459650213,-1.2947852739285537,-1.5522928331249592,0.25750755919640556,5.248856680733817,41.2167334794037
2026-03-12 04:00:00+00:00,71.94999694824219,72.5999984741211,68.27999877929688,68.37000274658203,17683000,0.0,0.0,70.29600067138672,70.55950050354004,76.9074551669034,-1.4037778729859696,-1.5225898410971614,0.11881196811119188,4.928856985909598,44.8489952534917
2026-03-13 04:00:00+00:00,69.1500015258789,71.30999755859375,67.44000244140625,68.41000366210938,16039800,0.0,0.0,70.22700119018555,70.67950057983398,76.74127335981889,-1.469982510063133,-1.5120683748903558,0.042085864827222874,5.008856637137277,46.179979074234005
2026-03-16 04:00:00+00:00,69.32499694824219,72.37999725341797,68.66999816894531,71.30999755859375,16946700,0.0,0.0,70.26100082397461,70.87300033569336,76.63454603715377,-1.2737617580813634,-1.4644070515285574,0.19064529344719405,5.034570421491351,52.55529270726946
2026-03-17 04:00:00+00:00,71.4749984741211,78.66999816894531,71.2699966430664,78.58999633789062,29734900,0.0,0.0,71.10700073242188,71.30800018310546,76.66018232865767,-0.5247711038146434,-1.2764798619857747,0.7517087581711313,5.350999014718192,62.60894869894477
2026-03-18 04:00:00+00:00,76.04000091552734,76.87999725341797,69.4000015258789,69.4800033569336,33919300,0.0,0.0,70.8640007019043,71.06100044250488,76.63890963467685,-0.6586978534676007,-1.1529234602821399,0.4942256068145392,5.726712908063616,46.03055655017687
2026-03-19 04:00:00+00:00,68.81999969482422,72.7300033569336,68.0,71.93000030517578,28549900,0.0,0.0,71.05700073242187,70.82850036621093,76.67181868119674,-0.5606783383391445,-1.0344744358935407,0.4737960975543962,5.453855787004743,53.644091807370664
2026-03-20 04:00:00+00:00,72.0,73.9800033569336,66.38999938964844,67.2300033569336,35247200,0.0,0.0,70.76900100708008,70.64700050354004,76.61327334317293,-0.8524214566784565,-0.998063840050524,0.14564238337206747,5.5924273899623325,45.51128394151481
2026-03-23 04:00:00+00:00,68.08499908447266,69.44999694824219,66.05000305175781,68.0,23852300,0.0,0.0,70.42100067138672,70.5365005493164,76.58127330433238,-1.0098566866235927,-1.0004224093651377,-0.009434277258455026,5.33099855695452,47.43929089720713
2026-03-24 04:00:00+00:00,67.0,68.5999984741211,64.45999908447266,66.06999969482422,21358000,0.0,0.0,70.13500061035157,70.34150047302246,76.40090970126066,-1.2756551767470654,-1.0554689628415233,-0.22018621390554216,5.295998709542411,43.00430474234515
2026-03-25 04:00:00+00:00,68.94000244140625,75.05999755859375,68.94000244140625,72.87999725341797,34508800,0.0,0.0,70.2270004272461,70.47550048828126,76.30527329878373,-0.9261168076198345,-1.0295985317971854,0.10348172417735091,5.583141326904297,53.08747717028493
2026-03-26 04:00:00+00:00,71.19999694824219,72.08999633789062,65.58999633789062,65.94000244140625,22988800,0.0,0.0,69.98400039672852,70.14000053405762,75.94000063809482,-1.1953257420809535,-1.062743973853939,-0.1325817682270145,5.6056415012904575,46.10061674421153
2026-03-27 04:00:00+00:00,66.01000213623047,66.09500122070312,60.34999847412109,60.93000030517578,20311800,0.0,0.0,69.23600006103516,69.73150062561035,75.51909151944247,-1.7922807672175338,-1.208651332526658,-0.5836294346908759,5.708498818533762,40.76343146860378
2026-03-30 04:00:00+00:00,61.45000076293945,61.63999938964844,56.13199996948242,57.380001068115234,21933500,0.0,0.0,67.8430004119873,69.05200061798095,75.05181877829811,-2.5227465435177834,-1.4714703747248832,-1.0512761687929002,5.793784822736469,40.06194636063818
2026-03-31 04:00:00+00:00,61.709999084472656,64.58000183105469,59.02999877929688,64.22000122070312,26607400,0.0,0.0,66.40600090026855,68.75650081634521,74.67672791914507,-2.52065850373441,-1.6813080005267886,-0.8393505032076212,5.953070504324778,43.749998459827495
2026-04-01 04:00:00+00:00,65.5,68.66999816894531,65.30000305175781,65.5199966430664,27157200,0.0,0.0,66.01000022888184,68.43700046539307,74.26981873945756,-2.3865937835590785,-1.8223651571332469,-0.5642286264258316,5.962356022426062,47.610256839366414
2026-04-02 04:00:00+00:00,62.22499847412109,69.38999938964844,61.86000061035156,67.7300033569336,32670600,0.0,0.0,65.59000053405762,68.32350063323975,73.92709149447354,-2.0780628400527377,-1.8735046937171451,-0.20455814633559255,6.223784855433874,49.44983769628725
2026-04-06 04:00:00+00:00,67.7300033569336,70.31999969482422,66.5999984741211,67.66999816894531,22351800,0.0,0.0,65.63400001525879,68.20150051116943,73.48836413296786,-1.8174414281986344,-1.862292040613443,0.04485061241480848,6.2059282575334835,46.913161136195214
2026-04-07 04:00:00+00:00,67.11499786376953,68.30000305175781,63.959999084472656,66.31999969482422,25396300,0.0,0.0,65.46599998474122,67.94350032806396,73.04400045221502,-1.700231466098117,-1.8298799257103777,0.12964845961226068,5.987357003348215,38.431076319002294
2026-04-08 04:00:00+00:00,72.0,73.66799926757812,67.81099700927734,69.08000183105469,26863800,0.0,0.0,65.76700019836426,67.95100040435791,72.54909133911133,-1.3688533314642513,-1.7376746068611526,0.36882127539690135,5.8557859148298,49.571549283804366
2026-04-09 04:00:00+00:00,69.05999755859375,69.79000091552734,66.54499816894531,66.73999786376953,17250900,0.0,0.0,65.15300025939942,67.69000034332275,72.14145487005061,-1.2802941027856605,-1.6461985060460542,0.36590440326039375,5.749714442661832,44.427740524568804
2026-04-10 04:00:00+00:00,67.69999694824219,70.05999755859375,66.33999633789062,68.05000305175781,18621000,0.0,0.0,65.36400032043457,67.67400035858154,71.78200038563122,-1.091818007169067,-1.535322406270657,0.4435043991015899,5.473285675048829,50.94951313587847
2026-04-13 04:00:00+00:00,67.05000305175781,71.55000305175781,66.58999633789062,70.62000274658203,17994700,0.0,0.0,66.3330005645752,67.78450031280518,71.46636401089755,-0.7266949593675918,-1.3735969168900442,0.6469019575224524,5.584715162004744,52.9124078553231
2026-04-14 04:00:00+00:00,73.55500030517578,74.75,70.4800033569336,72.22000122070312,22643000,0.0,0.0,67.81700057983399,67.83000049591064,71.16309127807617,-0.30471326347507954,-1.1598201862070512,0.8551069227319716,5.594000680106028,56.8868983928893
2026-04-15 04:00:00+00:00,73.58499908447266,74.58999633789062,69.5999984741211,73.5999984741211,23568700,0.0,0.0,68.75500030517578,67.58050060272217,71.03800028020686,0.1394569431347179,-0.8999647603386973,1.0394217034734152,5.308286394391742,50.91790038020522
2026-04-16 04:00:00+00:00,76.97000122070312,83.48999786376953,76.9000015258789,82.93000030517578,41014200,0.0,0.0,70.49600067138672,68.25300045013428,70.9640002857555,1.230137941182278,-0.47394422003450226,1.7040821612167802,5.494000571114677,70.41575508791128
2026-04-17 04:00:00+00:00,84.08000183105469,86.98999786376953,83.5999984741211,84.80000305175781,26066300,0.0,0.0,72.20300064086913,68.89650058746338,70.89545489224521,2.219815432927703,0.06480771055793877,2.1550077223697643,5.373643057686942,81.02416496144053
2026-04-20 04:00:00+00:00,84.8499984741211,90.3499984741211,84.5999984741211,89.45999908447266,28827400,0.0,0.0,74.38200073242187,70.00800037384033,70.96418214277787,3.3416443144499226,0.7201750313363356,2.621469283113587,5.39092881338937,90.52550184021976
2026-04-21 04:00:00+00:00,90.33000183105467,91.9499969482422,85.75,86.63999938964844,27450400,0.0,0.0,76.4140007019043,70.94000034332275,71.08363668268377,3.9575314190246615,1.367646308874001,2.589885110150661,5.319499969482423,81.5241705396486
2026-04-22 04:00:00+00:00,90.46499633789062,93.0999984741211,87.76000213623047,90.04000091552734,21474400,0.0,0.0,78.51000061035157,72.13850040435791,71.37254576249556,4.666189170610309,2.0273548812212625,2.6388342893890466,5.463071550641742,82.55442372979559
2026-04-23 04:00:00+00:00,89.8499984741211,90.3000030517578,81.56500244140625,84.5999984741211,22664100,0.0,0.0,80.29600067138672,72.72450046539306,71.43309125033292,4.734269104069668,2.568737725790944,2.165531378278724,5.54914311000279,70.62850216884448
2026-04-24 04:00:00+00:00,86.33999633789062,86.41000366210938,79.08000183105469,79.68000030517578,22130400,0.0,0.0,81.45900039672851,73.41150035858155,71.55254579023881,4.341177812202346,2.9232257430732242,1.417952069129122,5.807000296456473,63.12568320591274
2026-04-27 04:00:00+00:00,79.69000244140625,82.4800033569336,77.05400085449219,82.29000091552734,19386300,0.0,0.0,82.62600021362304,74.47950038909912,71.84290944879706,4.191933369403273,3.1769672683392343,1.0149661010640387,5.884571620396206,66.9857454830618
2026-04-28 04:00:00+00:00,80.07499694824219,81.77999877929688,77.5999984741211,78.58999633789062,14379700,0.0,0.0,83.2629997253418,75.5400001525879,71.9569093877619,3.732075581878533,3.2879889310470944,0.4440866508314385,5.694714682442801,59.91657151803751
2026-04-29 04:00:00+00:00,77.86000061035156,78.01000213623047,73.98999786376953,77.0199966430664,17751400,0.0,0.0,83.60499954223633,76.17999992370605,71.9783639387651,3.20401522475062,3.2711941897877996,-0.06717896503717968,5.791500091552734,60.89444367363532
2026-04-30 04:00:00+00:00,77.55000305175781,83.58999633789062,77.47000122070312,82.51000213623047,17604200,0.0,0.0,83.5629997253418,77.02950019836426,72.16890945434571,3.1917288848629113,3.2553011288028224,-0.06357224393991112,5.9950714111328125,64.07709965404801
2026-05-01 04:00:00+00:00,83.52999877929688,83.79000091552734,78.43000030517578,78.80999755859375,16378800,0.0,0.0,82.9639991760254,77.58349990844727,72.33600026910955,2.850572796024167,3.1743554622470915,-0.3237826662229244,6.023642403738839,57.80147910507181
2026-05-04 04:00:00+00:00,78.36000061035156,81.83300018310547,76.25,80.30999755859375,16241300,0.0,0.0,82.0489990234375,78.21549987792969,72.59600018587979,2.6704582216231785,3.0735760141223087,-0.40311779249913027,6.117428370884487,57.72093345666959
2026-05-05 04:00:00+00:00,82.5999984741211,83.0,76.55999755859375,78.76000213623047,17126000,0.0,0.0,81.2609992980957,78.8375,72.80181836214932,2.3752638835236297,2.9339135880025733,-0.5586497044789436,6.221000126429966,54.90867808578886
2026-05-06 04:00:00+00:00,79.62000274658203,84.68000030517578,78.86000061035156,84.6500015258789,19779200,0.0,0.0,80.72199935913086,79.61599998474121,73.07018203735352,2.586775235086847,2.864485917419428,-0.277710682332581,5.9374286106654575,51.750815204982466
2026-05-07 04:00:00+00:00,84.70999908447266,84.79000091552734,77.93000030517578,78.58000183105469,22942900,0.0,0.0,80.11999969482422,80.20800018310547,73.14581846757369,2.238793837036866,2.7393475013429156,-0.5005536643060498,6.137428828648159,44.167291479461305
2026-05-08 04:00:00+00:00,86.03500366210938,105.62000274658205,85.87000274658203,105.47000122070312,79927300,0.0,0.0,82.69899978637696,82.07900009155273,73.67109118374911,4.08571669486669,3.0086213400476707,1.0770953548190194,7.658143179757255,60.59563194755744
2026-05-11 04:00:00+00:00,105.2699966430664,123.94000244140624,104.0,117.3499984741211,54779700,0.0,0.0,86.20499954223632,84.41549987792969,74.51636387218129,6.433867242500398,3.693670520538216,2.7401967219621817,8.639572143554686,68.14797074446237
2026-05-12 04:00:00+00:00,112.76000213623048,121.48999786376952,112.41000366210938,117.55999755859376,34195200,0.0,0.0,90.10199966430665,86.68249969482422,75.37727293534712,8.217017971829478,4.598340010796469,3.6186779610330086,8.82671465192522,66.90002129895915
2026-05-13 04:00:00+00:00,123.8949966430664,127.23999786376952,116.88999938964844,124.1500015258789,26587400,0.0,0.0,94.81500015258788,89.2099998474121,76.36236384998668,10.046130478274378,5.687898104292051,4.358232373982327,8.942071642194474,73.94937601038419
2026-05-14 04:00:00+00:00,123.0999984741211,133.17999267578125,121.30999755859376,132.5500030517578,25324100,0.0,0.0,99.81900024414062,91.69099998474121,77.49600032459605,12.034795606718433,6.957277604777328,5.077518001941105,9.266356876918243,80.72050911329069
2026-05-15 04:00:00+00:00,128.10000610351562,130.3699951171875,121.8000030517578,124.7699966430664,22469100,0.0,0.0,104.4150001525879,93.68949966430664,78.44363659945401,12.835090616552861,8.132840207132435,4.702250409420426,9.646642412458146,73.28436091495844
2026-05-18 04:00:00+00:00,132.7550048828125,138.3800048828125,125.6709976196289,131.16000366210938,32319500,0.0,0.0,109.50000076293945,95.77449989318848,79.5720003301447,13.82557768712681,9.27138770313131,4.554189983995499,10.283785683768134,77.98956273691049
2026-05-19 04:00:00+00:00,125.97000122070312,129.57000732421875,115.2300033569336,127.30999755859376,30076900,0.0,0.0,114.35500030517578,97.80799980163575,80.59636389992454,14.136920885875782,10.244494339680205,3.8924265461955763,11.093071528843469,76.14096458713439
2026-05-20 04:00:00+00:00,127.4800033569336,135.35000610351562,124.22000122070312,134.27999877929688,23252200,0.0,0.0,119.31800003051758,100.01999969482422,81.76272756403142,14.775757724314971,11.15074701660716,3.625010707707812,11.418786185128345,76.50250101450538
